sample_id,text,target
sms_1,Ok lar... Joking wif u oni...,0
sms_3,U dun say so early hor... U c already then say...,0
sms_4,"Nah I don't think he goes to usf, he lives around here though",0
sms_9,Had your mobile 11 months or more? U R entitled to Update to the latest colour mobiles with camera for Free! Call The Mobile Update Co FREE on 08002986030,1
sms_11,"SIX chances to win CASH! From 100 to 20,000 pounds txt> CSH11 and send to 87575. Cost 150p/day, 6days, 16+ TsandCs apply Reply HL 4 info",1
sms_13,I've been searching for the right words to thank you for this breather. I promise i wont take your help for granted and will fulfil my promise. You have been wonderful and a blessing at all times.,0
sms_14,I HAVE A DATE ON SUNDAY WITH WILL!!,0
sms_16,Oh k...i'm watching here:),0
sms_17,Eh u remember how 2 spell his name... Yes i did. He v naughty make until i v wet.,0
sms_20,Is that seriously how you spell his name?,0
sms_21,I‘m going to try for 2 months ha ha only joking,0
sms_22,So ü pay first lar... Then when is da stock comin...,0
sms_25,Just forced myself to eat a slice. I'm really not hungry tho. This sucks. Mark is getting worried. He knows I'm sick when I turn down pizza. Lol,0
sms_28,"I'm back &amp; we're packing the car now, I'll let you know if there's room",0
sms_31,Yeah he got in at 2 and was v apologetic. n had fallen out and she was actin like spoilt child and he got caught up in that. Till 2! But we won't go there! Not doing too badly cheers. You?,0
sms_32,K tell me anything about you.,0
sms_34,Thanks for your subscription to Ringtone UK your mobile will be charged £5/month Please confirm by replying YES or NO. If you reply NO you will not be charged,1
sms_35,Yup... Ok i go home look at the timings then i msg ü again... Xuhui going to learn on 2nd may too but her lesson is at 8am,0
sms_38,Anything lor... U decide...,0
sms_39,Hello! How's you and how did saturday go? I was just texting to see if you'd decided to do anything tomo. Not that i'm trying to invite myself or anything!,0
sms_43,WHO ARE YOU SEEING?,0
sms_48,"Yeah hopefully, if tyler can't do it I could maybe ask around a bit",0
sms_49,U don't know how stubborn I am. I didn't even want to go to the hospital. I kept telling Mark I'm not a weak sucker. Hospitals are for weak suckers.,0
sms_50,What you thinked about me. First time you saw me in class.,0
sms_53,"Wow. I never realized that you were so embarassed by your accomodations. I thought you liked it, since i was doing the best i could and you always seemed so happy about ""the cave"". I'm sorry I didn't and don't have more to give. I'm sorry i offered. I'm sorry your room was so embarassing.",0
sms_54,SMS. ac Sptv: The New Jersey Devils and the Detroit Red Wings play Ice Hockey. Correct or Incorrect? End? Reply END SPTV,1
sms_55,Do you know what Mallika Sherawat did yesterday? Find out now @  &lt;URL&gt;,0
sms_56,"Congrats! 1 year special cinema pass for 2 is yours. call 09061209465 now! C Suprman V, Matrix3, StarWars3, etc all 4 FREE! bx420-ip4-5we. 150pm. Dont miss out!",1
sms_59,Yes..gauti and sehwag out of odi series.,0
sms_60,Your gonna have to pick up a $1 burger for yourself on your way home. I can't even move. Pain is killing me.,0
sms_61,Ha ha ha good joke. Girls are situation seekers.,0
sms_62,Its a part of checking IQ,0
sms_64,Ok lar i double check wif da hair dresser already he said wun cut v short. He said will cut until i look nice.,0
sms_67,"Urgent UR awarded a complimentary trip to EuroDisinc Trav, Aco&Entry41 Or £1000. To claim txt DIS to 87121 18+6*£1.50(moreFrmMob. ShrAcomOrSglSuplt)10, LS1 3AJ",1
sms_73,K..k:)where are you?how did you performed?,0
sms_74,U can call me now...,0
sms_78,Does not operate after  &lt;#&gt;  or what,0
sms_79,Its not the same here. Still looking for a job. How much do Ta's earn there.,0
sms_80,"Sorry, I'll call later",0
sms_83,You will be in the place of that man,0
sms_84,Yup next stop.,0
sms_85,"I call you later, don't have network. If urgnt, sms me.",0
sms_88,I'm really not up to it still tonight babe,0
sms_90,Yeah do! Don‘t stand to close tho- you‘ll catch something!,0
sms_91,Sorry to be a pain. Is it ok if we meet another night? I spent late afternoon in casualty and that means i haven't done any of y stuff42moro and that includes all my time sheets and that. Sorry.,0
sms_92,Smile in Pleasure Smile in Pain Smile when trouble pours like Rain Smile when sum1 Hurts U Smile becoz SOMEONE still Loves to see u Smiling!!,0
sms_93,Please call our customer service representative on 0800 169 6031 between 10am-9pm as you have WON a guaranteed £1000 cash or £5000 prize!,1
sms_95,"Your free ringtone is waiting to be collected. Simply text the password ""MIX"" to 85069 to verify. Get Usher and Britney. FML, PO Box 5249, MK17 92H. 450Ppw 16",1
sms_96,Watching telugu movie..wat abt u?,0
sms_97,i see. When we finish we have loads of loans to pay,0
sms_98,"Hi. Wk been ok - on hols now! Yes on for a bit of a run. Forgot that i have hairdressers appointment at four so need to get home n shower beforehand. Does that cause prob for u?""",0
sms_99,I see a cup of coffee animation,0
sms_100,Please don't text me anymore. I have nothing else to say.,0
sms_102,I'm still looking for a car to buy. And have not gone 4the driving test yet.,0
sms_104,"wow. You're right! I didn't mean to do that. I guess once i gave up on boston men and changed my search location to nyc, something changed. Cuz on my signin page it still says boston.",0
sms_105,Umma my life and vava umma love you lot dear,0
sms_107,"Aight, I'll hit you up when I get some cash",0
sms_108,How would my ip address test that considering my computer isn't a minecraft server,0
sms_111,What is the plural of the noun research?,0
sms_112,Going for dinner.msg you after.,0
sms_114,GENT! We are trying to contact you. Last weekends draw shows that you won a £1000 prize GUARANTEED. Call 09064012160. Claim Code K52. Valid 12hrs only. 150ppm,1
sms_117,You are a winner U have been specially selected 2 receive £1000 or a 4* holiday (flights inc) speak to a live operator 2 claim 0871277810910p/min (18+),1
sms_121,"URGENT! Your Mobile No. was awarded £2000 Bonus Caller Prize on 5/9/03 This is our final try to contact U! Call from Landline 09064019788 BOX42WR29C, 150PPM",1
sms_123,Todays Voda numbers ending 7548 are selected to receive a $350 award. If you have a match please call 08712300220 quoting claim code 4041 standard rates app,1
sms_126,"Good stuff, will do.",0
sms_128,Are you there in room.,0
sms_130,K..k:)how much does it cost?,0
sms_135,Want 2 get laid tonight? Want real Dogging locations sent direct 2 ur mob? Join the UK's largest Dogging Network bt Txting GRAVEL to 69888! Nt. ec2a. 31p.msg@150p,1
sms_136,I only haf msn. It's yijue@hotmail.com,0
sms_141,"K, text me when you're on the way",0
sms_142,"Sir, Waiting for your mail.",0
sms_143,"A swt thought: ""Nver get tired of doing little things 4 lovable persons.."" Coz..somtimes those little things occupy d biggest part in their Hearts.. Gud ni8",0
sms_144,I know you are. Can you pls open the back?,0
sms_145,Yes see ya not on the dot,0
sms_146,Whats the staff name who is taking class for us?,0
sms_153,Ok... Ur typical reply...,0
sms_155,"You are everywhere dirt, on the floor, the windows, even on my shirt. And sometimes when i open my mouth, you are all that comes flowing out. I dream of my world without you, then half my chores are out too. A time of joy for me, lots of tv shows i.ll see. But i guess like all things you just must exist, like rain, hail and mist, and when my time here is done, you and i become one.",0
sms_157,I'm leaving my house now...,0
sms_159,Customer service annoncement. You have a New Years delivery waiting for you. Please call 07046744435 now to arrange delivery,1
sms_162,New car and house for my parents.:)i have only new job in hand:),0
sms_163,I'm so in love with you. I'm excited each day i spend with you. You make me so happy.,0
sms_165,"BangBabes Ur order is on the way. U SHOULD receive a Service Msg 2 download UR content. If U do not, GoTo wap. bangb. tv on UR mobile internet/service menu",1
sms_166,I place all ur points on e cultures module already.,0
sms_167,URGENT! We are trying to contact you. Last weekends draw shows that you have won a £900 prize GUARANTEED. Call 09061701939. Claim code S89. Valid 12hrs only,1
sms_168,"Hi frnd, which is best way to avoid missunderstding wit our beloved one's?",0
sms_172,"Hmmm.. Thk sure got time to hop ard... Ya, can go 4 free abt... Muz call u to discuss liao...",0
sms_173,What time you coming down later?,0
sms_174,"Bloody hell, cant believe you forgot my surname Mr . Ill give u a clue, its spanish and begins with m...",0
sms_175,"Well, i'm gonna finish my bath now. Have a good...fine night.",0
sms_178,"Turns out my friends are staying for the whole show and won't be back til ~ &lt;#&gt; , so feel free to go ahead and smoke that $ &lt;#&gt;  worth",0
sms_180,Hi! You just spoke to MANEESHA V. We'd like to know if you were satisfied with the experience. Reply Toll Free with Yes or No.,0
sms_181,You lifted my hopes with the offer of money. I am in need. Especially when the end of the month approaches and it hurts my studying. Anyways have a gr8 weekend,0
sms_183,ok. I am a gentleman and will treat you with dignity and respect.,0
sms_184,"He will, you guys close?",0
sms_187,"Haha awesome, be there in a minute",0
sms_189,Have you got Xmas radio times. If not i will get it now,0
sms_190,I jus reached home. I go bathe first. But my sis using net tell u when she finishes k...,0
sms_192,I'm sorry. I've joined the league of people that dont keep in touch. You mean a great deal to me. You have been a friend at all times even at great personal cost. Do have a great week.|,0
sms_193,Hi :)finally i completed the course:),0
sms_194,It will stop on itself. I however suggest she stays with someone that will be able to give ors for every stool.,0
sms_195,How are you doing? Hope you've settled in for the new school year. Just wishin you a gr8 day,0
sms_200,"Found it, ENC  &lt;#&gt; , where you at?",0
sms_203,Your account has been refilled successfully by INR  &lt;DECIMAL&gt; . Your KeralaCircle prepaid account balance is Rs  &lt;DECIMAL&gt; . Your Transaction ID is KR &lt;#&gt; .,0
sms_205,U call me alter at 11 ok.,0
sms_208,"Aight yo, dats straight dogg",0
sms_209,You please give us connection today itself before  &lt;DECIMAL&gt;  or refund the bill,0
sms_211,"What's up bruv, hope you had a great break. Do have a rewarding semester.",0
sms_212,Home so we can always chat,0
sms_213,K:)k:)good:)study well.,0
sms_214,Yup... How ü noe leh...,0
sms_215,Sounds great! Are you home now?,0
sms_217,Tired. I haven't slept well the past few nights.,0
sms_218,Easy ah?sen got selected means its good..,0
sms_219,I have to take exam with march 3,0
sms_221,Ok no prob. Take ur time.,0
sms_222,There is os called ubandu which will run without installing in hard disk...you can use that os to copy the important files in system and give it to repair shop..,0
sms_223,"Sorry, I'll call later",0
sms_224,U say leh... Of course nothing happen lar. Not say v romantic jus a bit only lor. I thk e nite scenery not so nice leh.,0
sms_225,"500 New Mobiles from 2004, MUST GO! Txt: NOKIA to No: 89545 & collect yours today!From ONLY £1 www.4-tc.biz 2optout 087187262701.50gbp/mtmsg18",1
sms_229,"Life is more strict than teacher... Bcoz Teacher teaches lesson &amp; then conducts exam, But Life first conducts Exam &amp; then teaches Lessons. Happy morning. . .",0
sms_230,Dear good morning now only i am up,0
sms_231,Get down in gandhipuram and walk to cross cut road. Right side &lt;#&gt; street road and turn at first right.,0
sms_232,Dear we are going to our rubber place,0
sms_233,"Sorry battery died, yeah I'm here",0
sms_234,Yes:)here tv is always available in work place..,0
sms_235,Text & meet someone sexy today. U can find a date or even flirt its up to U. Join 4 just 10p. REPLY with NAME & AGE eg Sam 25. 18 -msg recd@thirtyeight pence,1
sms_236,I have printed it oh. So  &lt;#&gt;  come upstairs,0
sms_237,Or ill be a little closer like at the bus stop on the same street,0
sms_238,Where are you?when wil you reach here?,0
sms_239,"New Theory: Argument wins d SITUATION, but loses the PERSON. So dont argue with ur friends just.. . . . kick them &amp; say, I'm always correct.!",0
sms_240,U 447801259231 have a secret admirer who is looking 2 make contact with U-find out who they R*reveal who thinks UR so special-call on 09058094597,1
sms_244,"Although i told u dat i'm into baig face watches now but i really like e watch u gave cos it's fr u. Thanx 4 everything dat u've done today, i'm touched...",0
sms_245,U don't remember that old commercial?,0
sms_246,Too late. I said i have the website. I didn't i have or dont have the slippers,0
sms_247,I asked you to call him now ok,0
sms_248,Kallis wont bat in 2nd innings.,0
sms_250,Congratulations ur awarded 500 of CD vouchers or 125gift guaranteed & Free entry 2 100 wkly draw txt MUSIC to 87066 TnCs www.Ldew.com1win150ppmx3age16,1
sms_253,What you doing?how are you?,0
sms_255,"I'm back, lemme know when you're ready",0
sms_257,Mmm so yummy babe ... Nice jolt to the suzy,0
sms_258,Where are you lover ? I need you ...,0
sms_261,Yup,0
sms_262,Anyway i'm going shopping on my own now. Cos my sis not done yet. Dun disturb u liao.,0
sms_264,Hey I am really horny want to chat or see me naked text hot to 69698 text charged at 150pm to unsubscribe text stop 69698,1
sms_265,Why you Dint come with us.,0
sms_267,"Not sure yet, still trying to get a hold of him",0
sms_268,Ur ringtone service has changed! 25 Free credits! Go to club4mobiles.com to choose content now! Stop? txt CLUB STOP to 87070. 150p/wk Club4 PO Box1146 MK45 2WT,1
sms_271,"Come to mu, we're sorting out our narcotics situation",0
sms_272,"Night has ended for another day, morning has come in a special way. May you smile like the sunny rays and leaves your worries at the blue blue bay.",0
sms_273,HMV BONUS SPECIAL 500 pounds of genuine HMV vouchers to be won. Just answer 4 easy questions. Play Now! Send HMV to 86688 More info:www.100percent-real.com,1
sms_275,No objection. My bf not coming.,0
sms_278,"Awesome, I'll see you in a bit",0
sms_279,Just sent it. So what type of food do you like?,0
sms_282,"Wen u miss someone, the person is definitely special for u..... But if the person is so special, why to miss them, just Keep-in-touch gdeve..",0
sms_285,"Yeah I think my usual guy's still passed out from last night, if you get ahold of anybody let me know and I'll throw down",0
sms_288,hi baby im cruisin with my girl friend what r u up 2? give me a call in and hour at home if thats alright or fone me on this fone now love jenny xxx,0
sms_290,"Dear,shall mail tonite.busy in the street,shall update you tonite.things are looking ok.varunnathu edukkukayee raksha ollu.but a good one in real sense.",0
sms_291,Hey you told your name to gautham ah?,0
sms_292,Haf u found him? I feel so stupid da v cam was working.,0
sms_293,Oops. 4 got that bit.,0
sms_296,T-Mobile customer you may now claim your FREE CAMERA PHONE upgrade & a pay & go sim card for your loyalty. Call on 0845 021 3680.Offer ends 28thFeb.T&C's apply,1
sms_298,Hurt me... Tease me... Make me cry... But in the end of my life when i die plz keep one rose on my grave and say STUPID I MISS U.. HAVE A NICE DAY BSLVYL,0
sms_299,I cant pick the phone right now. Pls send a message,0
sms_301,"Awesome, I remember the last time we got somebody high for the first time with diesel :V",0
sms_304,He is a womdarfull actor,0
sms_305,"SMS. ac Blind Date 4U!: Rodds1 is 21/m from Aberdeen, United Kingdom. Check Him out http://img. sms. ac/W/icmb3cktz8r7!-4 no Blind Dates send HIDE",1
sms_308,Lol yes. Our friendship is hanging on a thread cause u won't buy stuff.,0
sms_311,Today is ACCEPT DAY..U Accept me as? Brother Sister Lover Dear1 Best1 Clos1 Lvblefrnd Jstfrnd Cutefrnd Lifpartnr Belovd Swtheart Bstfrnd No rply means enemy,0
sms_313,He says he'll give me a call when his friend's got the money but that he's definitely buying before the end of the week,0
sms_316,K.k:)advance happy pongal.,0
sms_317,"Hmmm... Guess we can go 4 kb n power yoga... Haha, dunno we can tahan power yoga anot... Thk got lo oso, forgot liao...",0
sms_318,"Not really dude, have no friends i'm afraid :(",0
sms_319,December only! Had your mobile 11mths+? You are entitled to update to the latest colour camera mobile for Free! Call The Mobile Update Co FREE on 08002986906,1
sms_320,"Coffee cake, i guess...",0
sms_323,cud u tell ppl im gona b a bit l8 cos 2 buses hav gon past cos they were full & im still waitin 4 1. Pete x,0
sms_328,"I'd say that's a good sign but, well, you know my track record at reading women",0
sms_329,"Cool, text me when you're parked",0
sms_333,Call Germany for only 1 pence per minute! Call from a fixed line via access number 0844 861 85 85. No prepayment. Direct access!,1
sms_338,Just sleeping..and surfing,0
sms_339,"Sorry, I'll call later",0
sms_340,U calling me right? Call my hand phone...,0
sms_341,Ok that's great thanx a lot.,0
sms_342,I take it the post has come then! You must have 1000s of texts now! Happy reading. My one from wiv hello caroline at the end is my favourite. Bless him,0
sms_343,Where u been hiding stranger?,0
sms_344,Am not interested to do like that.,0
sms_345,My sister cleared two round in birla soft yesterday.,0
sms_347,Dis is yijue. I jus saw ur mail. In case huiming havent sent u my num. Dis is my num.,0
sms_348,One small prestige problem now.,0
sms_352,If you're not in my car in an hour and a half I'm going apeshit,0
sms_353,"TODAY is Sorry day.! If ever i was angry with you, if ever i misbehaved or hurt you? plz plz JUST SLAP URSELF Bcoz, Its ur fault, I'm basically GOOD",0
sms_355,&lt;#&gt; ISH MINUTES WAS 5 MINUTES AGO. WTF.,0
sms_357,Congratulations ur awarded 500 of CD vouchers or 125gift guaranteed & Free entry 2 100 wkly draw txt MUSIC to 87066 TnCs www.Ldew.com1win150ppmx3age16,1
sms_358,Ur cash-balance is currently 500 pounds - to maximize ur cash-in now send CASH to 86688 only 150p/msg. CC: 08708800282 HG/Suite342/2Lands Row/W1J6HL,1
sms_360,"Hello! Just got here, st andrews-boy its a long way! Its cold. I will keep you posted",0
sms_361,Ha ha cool cool chikku chikku:-):-DB-),0
sms_363,Check audrey's status right now,0
sms_364,Busy here. Trying to finish for new year. I am looking forward to finally meeting you...,0
sms_365,"Good afternoon sunshine! How dawns that day ? Are we refreshed and happy to be alive? Do we breathe in the air and smile ? I think of you, my love ... As always",0
sms_369,Wat uniform? In where get?,0
sms_371,"Hello my boytoy ... Geeee I miss you already and I just woke up. I wish you were here in bed with me, cuddling me. I love you ...",0
sms_373,I'm going for bath will msg you next  &lt;#&gt;  min..,0
sms_374,I cant keep talking to people if am not sure i can pay them if they agree to price. So pls tell me what you want to really buy and how much you are willing to pay,0
sms_376,Can you say what happen,0
sms_378,Well there's not a lot of things happening in Lindsay on New years *sighs* Some bars in Ptbo and the blue heron has something going,0
sms_380,I taught that Ranjith sir called me. So only i sms like that. Becaus hes verifying about project. Prabu told today so only pa dont mistake me..,0
sms_383,Hey leave it. not a big deal:-) take care.,0
sms_386,It took Mr owl 3 licks,0
sms_387,Customer place i will call you.,0
sms_389,4mths half price Orange line rental & latest camera phones 4 FREE. Had your phone 11mths ? Call MobilesDirect free on 08000938767 to update now! or2stoptxt,1
sms_391,Huh so late... Fr dinner?,0
sms_394,Yes i think so. I am in office but my lap is in room i think thats on for the last few days. I didnt shut that down,0
sms_399,"Good evening Sir, Al Salam Wahleykkum.sharing a happy news.By the grace of God, i got an offer from Tayseer,TISSCO and i joined.Hope you are fine.Inshah Allah,meet you sometime.Rakhesh,visitor from India.",0
sms_401,"FREE RINGTONE text FIRST to 87131 for a poly or text GET to 87131 for a true tone! Help? 0845 2814032 16 after 1st free, tones are 3x£150pw to e£nd txt stop",1
sms_403,The hair cream has not been shipped.,0
sms_404,None of that's happening til you get here though,0
sms_405,"Yep, the great loxahatchee xmas tree burning of  &lt;#&gt;  starts in an hour",0
sms_406,"Haha get used to driving to usf man, I know a lot of stoners",0
sms_407,All was well until slightly disastrous class this pm with my fav darlings! Hope day off ok. Coffee wld be good as can't stay late tomorrow. Same time + place as always?,0
sms_408,Hello! Good week? Fancy a drink or something later?,0
sms_409,Headin towards busetop,0
sms_410,Message:some text missing* Sender:Name Missing* *Number Missing *Sent:Date missing *Missing U a lot thats y everything is missing sent via fullonsms.com,0
sms_412,Cos i want it to be your thing,0
sms_413,"Okies... I'll go yan jiu too... We can skip ard oso, go cine den go mrt one, blah blah blah...",0
sms_415,100 dating service cal;l 09064012103 box334sk38ch,1
sms_416,Whatsup there. Dont u want to sleep,0
sms_417,Alright i have a new goal now,0
sms_420,Send a logo 2 ur lover - 2 names joined by a heart. Txt LOVE NAME1 NAME2 MOBNO eg LOVE ADAM EVE 07123456789 to 87077 Yahoo! POBox36504W45WQ TxtNO 4 no ads 150p,1
sms_423,Siva is in hostel aha:-.,0
sms_427,aathi..where are you dear..,0
sms_428,Any pain on urination any thing else?,0
sms_429,7 at esplanade.. Do ü mind giving me a lift cos i got no car today..,0
sms_431,At home watching tv lor.,0
sms_432,Does she usually take fifteen fucking minutes to respond to a yes or no question,0
sms_433,Congrats! Nokia 3650 video camera phone is your Call 09066382422 Calls cost 150ppm Ave call 3mins vary from mobiles 16+ Close 300603 post BCM4284 Ldn WC1N3XX,1
sms_437,"Ask g or iouri, I've told the story like ten times already",0
sms_438,How long does applebees fucking take,0
sms_439,"Hi hope u get this txt~journey hasnt been gd,now about 50 mins late I think.",0
sms_441,Yes..he is really great..bhaji told kallis best cricketer after sachin in world:).very tough to get out.,0
sms_442,You were supposed to wake ME up &gt;:(,0
sms_443,Oic... I saw him too but i tot he din c me... I found a group liao...,0
sms_444,"Sorry, I'll call later",0
sms_445,"HEY HEY WERETHE MONKEESPEOPLE SAY WE MONKEYAROUND! HOWDY GORGEOUS, HOWU DOIN? FOUNDURSELF A JOBYET SAUSAGE?LOVE JEN XXX",0
sms_446,"Sorry, my battery died, I can come by but I'm only getting a gram for now, where's your place?",0
sms_447,"Well done, blimey, exercise, yeah, i kinda remember wot that is, hmm.",0
sms_448,I wont get concentration dear you know you are my mind and everything :-),0
sms_452,Thanks for this hope you had a good day today,0
sms_453,K:)k:)what are detail you want to transfer?acc no enough?,0
sms_454,Ok i will tell her to stay out. Yeah its been tough but we are optimistic things will improve this month.,0
sms_457,"LOOK AT AMY URE A BEAUTIFUL, INTELLIGENT WOMAN AND I LIKE U A LOT. I KNOW U DONT LIKE ME LIKE THAT SO DONT WORRY.",0
sms_460,Going thru a very different feeling.wavering decisions and coping up with the same is the same individual.time will heal everything i believe.,0
sms_463,"UpgrdCentre Orange customer, you may now claim your FREE CAMERA PHONE upgrade for your loyalty. Call now on 0207 153 9153. Offer ends 26th July. T&C's apply. Opt-out available",1
sms_464,"Sorry, I'll call later ok bye",0
sms_465,Ok i am on the way to railway,0
sms_468,When are you going to ride your bike?,0
sms_471,okmail: Dear Dave this is your final notice to collect your 4* Tenerife Holiday or #5000 CASH award! Call 09061743806 from landline. TCs SAE Box326 CW25WX 150ppm,1
sms_474,Want 2 get laid tonight? Want real Dogging locations sent direct 2 ur Mob? Join the UK's largest Dogging Network by txting MOAN to 69888Nyt. ec2a. 31p.msg@150p,1
sms_475,Nice line said by a broken heart- Plz don't cum 1 more times infront of me... Other wise once again I ll trust U... Good 9t:),0
sms_476,Ok I'm gonna head up to usf in like fifteen minutes,0
sms_478,Tension ah?what machi?any problem?,0
sms_480,When're you guys getting back? G said you were thinking about not staying for mcr,0
sms_481,"Almost there, see u in a sec",0
sms_482,"Yo carlos, a few friends are already asking me about you, you working at all this weekend?",0
sms_483,Watching tv lor...,0
sms_485,You should change your fb to jaykwon thuglyfe falconerf,0
sms_486,If we win its really no 1 side for long time.,0
sms_489,"Depends on quality. If you want the type i sent boye, faded glory, then about 6. If you want ralphs maybe 2",0
sms_492,"Congrats! 1 year special cinema pass for 2 is yours. call 09061209465 now! C Suprman V, Matrix3, StarWars3, etc all 4 FREE! bx420-ip4-5we. 150pm. Dont miss out!",1
sms_493,"Sorry,in meeting I'll call later",0
sms_494,What class of  &lt;#&gt;  reunion?,0
sms_496,Got meh... When?,0
sms_497,Nope... Think i will go for it on monday... Sorry i replied so late,0
sms_498,Some of them told accenture is not confirm. Is it true.,0
sms_499,"Kate jackson rec center before 7ish, right?",0
sms_500,Dear i have reache room,0
sms_501,"Fighting with the world is easy, u either win or lose bt fightng with some1 who is close to u is dificult if u lose - u lose if u win - u still lose.",0
sms_503,Check with nuerologist.,0
sms_504,Lolnice. I went from a fish to ..water.?,0
sms_505,+123 Congratulations - in this week's competition draw u have won the £1450 prize to claim just call 09050002311 b4280703. T&Cs/stop SMS 08718727868. Over 18 only 150ppm,1
sms_509,What's the significance?,0
sms_513,Lol ok your forgiven :),0
sms_515,"You are guaranteed the latest Nokia Phone, a 40GB iPod MP3 player or a £500 prize! Txt word: COLLECT to No: 83355! IBHltd LdnW15H 150p/Mtmsgrcvd18+",1
sms_517,Boltblue tones for 150p Reply POLY# or MONO# eg POLY3 1. Cha Cha Slide 2. Yeah 3. Slow Jamz 6. Toxic 8. Come With Me or STOP 4 more tones txt MORE,1
sms_518,Your credits have been topped up for http://www.bubbletext.com Your renewal Pin is tgxxrz,1
sms_520,Usually the person is unconscious that's in children but in adults they may just behave abnormally. I.ll call you now,0
sms_523,Were gonna go get some tacos,0
sms_524,"That's very rude, you on campus?",0
sms_525,"URGENT!: Your Mobile No. was awarded a £2,000 Bonus Caller Prize on 02/09/03! This is our 2nd attempt to contact YOU! Call 0871-872-9755 BOX95QU",1
sms_526,Hi i won't b ard 4 christmas. But do enjoy n merry x'mas.,0
sms_527,"Today's Offer! Claim ur £150 worth of discount vouchers! Text YES to 85023 now! SavaMob, member offers mobile! T Cs 08717898035. £3.00 Sub. 16 . Unsub reply X",1
sms_528,Yes! How is a pretty lady like you single?,0
sms_530,Jay says that you're a double-faggot,0
sms_532,What Today-sunday..sunday is holiday..so no work..,0
sms_535,"I've not called you in a while. This is hoping it was l8r malaria and that you know that we miss you guys. I miss Bani big, so pls give her my love especially. Have a great day.",0
sms_537,"Probably gonna be here for a while, see you later tonight &lt;)",0
sms_538,Or maybe my fat fingers just press all these buttons and it doesn't know what to do.,0
sms_539,Ummmmmaah Many many happy returns of d day my dear sweet heart.. HAPPY BIRTHDAY dear,0
sms_543,But am going to college pa. What to do. are else ill come there it self. Pa.,0
sms_544,4 oclock at mine. Just to bash out a flat plan.,0
sms_546,Then any special there?,0
sms_548,"Sorry that took so long, omw now",0
sms_549,Wait  &lt;#&gt;  min..,0
sms_550,Ok give me 5 minutes I think I see her. BTW you're my alibi. You were cutting my hair the whole time.,0
sms_552,"Hurry up, I've been weed-deficient for like three days",0
sms_553,"Sure, if I get an acknowledgement from you that it's astoundingly tactless and generally faggy to demand a blood oath fo",0
sms_554,Ok. Every night take a warm bath drink a cup of milk and you'll see a work of magic. You still need to loose weight. Just so that you know,0
sms_555,I‘ll have a look at the frying pan in case it‘s cheap or a book perhaps. No that‘s silly a frying pan isn‘t likely to be a book,0
sms_556,O. Well uv causes mutations. Sunscreen is like essential thesedays,0
sms_558,I know that my friend already told that.,0
sms_559,Hi Princess! Thank you for the pics. You are very pretty. How are you?,0
sms_560,"Aiyo... U always c our ex one... I dunno abt mei, she haven reply... First time u reply so fast... Y so lucky not workin huh, got bao by ur sugardad ah...gee..",0
sms_562,Thanx 4 e brownie it's v nice...,0
sms_563,Geeeee ... I love you so much I can barely stand it,0
sms_564,GENT! We are trying to contact you. Last weekends draw shows that you won a £1000 prize GUARANTEED. Call 09064012160. Claim Code K52. Valid 12hrs only. 150ppm,1
sms_568,"So anyways, you can just go to your gym or whatever, my love *smiles* I hope your ok and having a good day babe ... I miss you so much already",0
sms_569,Love it! Daddy will make you scream with pleasure! I am going to slap your ass with my dick!,0
sms_575,Nope i waiting in sch 4 daddy...,0
sms_576,"You have won ?1,000 cash or a ?2,000 prize! To claim, call09050000327",1
sms_577,"I'm tired of arguing with you about this week after week. Do what you want and from now on, i'll do the same.",0
sms_578,Ü wait 4 me in sch i finish ard 5..,0
sms_579,"our mobile number has won £5000, to claim calls us back or ring the claims hot line on 09050005321.",1
sms_580,"Arngd marriage is while u r walkin unfortuntly a snake bites u. bt love marriage is dancing in frnt of d snake &amp; sayin Bite me, bite me.",0
sms_587,"I dun thk i'll quit yet... Hmmm, can go jazz ? Yogasana oso can... We can go meet em after our lessons den...",0
sms_588,Pete can you please ring meive hardly gotany credit,0
sms_589,Ya srsly better than yi tho,0
sms_591,"For ur chance to win a £250 wkly shopping spree TXT: SHOP to 80878. T's&C's www.txt-2-shop.com custcare 08715705022, 1x150p/wk",1
sms_592,You have been specially selected to receive a 2000 pound award! Call 08712402050 BEFORE the lines close. Cost 10ppm. 16+. T&Cs apply. AG Promo,1
sms_593,PRIVATE! Your 2003 Account Statement for 07753741225 shows 800 un-redeemed S. I. M. points. Call 08715203677 Identifier Code: 42478 Expires 24/10/04,1
sms_594,You still at grand prix?,0
sms_595,"I met you as a stranger and choose you as my friend. As long as the world stands, our friendship never ends. Lets be Friends forever!!! Gud nitz...",0
sms_599,Will do. Was exhausted on train this morning. Too much wine and pie. You sleep well too,0
sms_601,Mind blastin.. No more Tsunamis will occur from now on.. Rajnikant stopped swimming in Indian Ocean..:-D,0
sms_603,Speaking of does he have any cash yet?,0
sms_604,Be happy there. I will come after noon,0
sms_605,Meet after lunch la...,0
sms_606,TaKe CaRE n gET WeLL sOOn,0
sms_607,XCLUSIVE@CLUBSAISAI 2MOROW 28/5 SOIREE SPECIALE ZOUK WITH NICHOLS FROM PARIS.FREE ROSES 2 ALL LADIES !!! info: 07946746291/07880867867,1
sms_608,what I meant to say is cant wait to see u again getting bored of this bridgwater banter,0
sms_610,"It's fine, imma get a drink or somethin. Want me to come find you?",0
sms_611,22 days to kick off! For Euro2004 U will be kept up to date with the latest news and results daily. To be removed send GET TXT STOP to 83222,1
sms_613,I have many dependents,0
sms_614,THANX4 TODAY CER IT WAS NICE 2 CATCH UP BUT WE AVE 2 FIND MORE TIME MORE OFTEN OH WELL TAKE CARE C U SOON.C,0
sms_617,He like not v shock leh. Cos telling shuhui is like telling leona also. Like dat almost all know liao. He got ask me abt ur reaction lor.,0
sms_621,Dear we got  &lt;#&gt;  dollars hi hi,0
sms_622,Good words.... But words may leave u in dismay many times.,0
sms_624,"sorry, no, have got few things to do. may be in pub later.",0
sms_625,"Nah it's straight, if you can just bring bud or drinks or something that's actually a little more useful than straight cash",0
sms_627,How many licks does it take to get to the center of a tootsie pop?,0
sms_628,Yup i thk they r e teacher said that will make my face look longer. Darren ask me not 2 cut too short.,0
sms_629,New TEXTBUDDY Chat 2 horny guys in ur area 4 just 25p Free 2 receive Search postcode or at gaytextbuddy.com. TXT ONE name to 89693,1
sms_630,Todays Vodafone numbers ending with 4882 are selected to a receive a £350 award. If your number matches call 09064019014 to receive your £350 award.,1
sms_631,Please dont say like that. Hi hi hi,0
sms_632,Thank u!,0
sms_633,Oh that was a forwarded message. I thought you send that to me,0
sms_634,Got it. Seventeen pounds for seven hundred ml – hope ok.,0
sms_635,"Dear Voucher Holder, 2 claim this weeks offer, at your PC go to http://www.e-tlp.co.uk/expressoffer Ts&Cs apply.2 stop texts txt STOP to 80062.",1
sms_636,Me n him so funny...,0
sms_638,When ü login dat time... Dad fetching ü home now?,0
sms_640,I had askd u a question some hours before. Its answer,0
sms_643,Probably gonna swing by in a wee bit,0
sms_644,Ya very nice. . .be ready on thursday,0
sms_646,"Watching cartoon, listening music &amp; at eve had to go temple &amp; church.. What about u?",0
sms_650,"You have won ?1,000 cash or a ?2,000 prize! To claim, call09050000327. T&C: RSTM, SW7 3SS. 150ppm",1
sms_651,Thats cool! Sometimes slow and gentle. Sonetimes rough and hard :),0
sms_653,"Wait, do you know if wesleys in town? I bet she does hella drugs!",0
sms_654,Fine i miss you very much.,0
sms_656,Tell them the drug dealer's getting impatient,0
sms_657,"Sun cant come to earth but send luv as rays. cloud cant come to river but send luv as rain. I cant come to meet U, but can send my care as msg to U. Gud evng",0
sms_658,You will be in the place of that man,0
sms_659,"It doesnt make sense to take it there unless its free. If you need to know more, wikipedia.com",0
sms_660,88800 and 89034 are premium phone services call 08718711108,1
sms_661,"Under the sea, there lays a rock. In the rock, there is an envelope. In the envelope, there is a paper. On the paper, there are 3 words... '",0
sms_662,Then mum's repent how?,0
sms_663,Sorry me going home first... Daddy come fetch ü later...,0
sms_664,Leave it de:-). Start Prepare for next:-)..,0
sms_667,Carlos'll be here in a minute if you still need to buy,0
sms_669,Have a good evening! Ttyl,0
sms_670,Did u receive my msg?,0
sms_671,Ho ho - big belly laugh! See ya tomo,0
sms_674,"Ditto. And you won't have to worry about me saying ANYTHING to you anymore. Like i said last night, you do whatever you want and i'll do the same. Peace.",0
sms_675,"I've got  &lt;#&gt; , any way I could pick up?",0
sms_677,Maybe?! Say hi to  and find out if  got his card. Great escape or wetherspoons?,0
sms_678,"Piggy, r u awake? I bet u're still sleeping. I'm going 4 lunch now...",0
sms_680,Missed your call cause I was yelling at scrappy. Miss u. Can't wait for u to come home. I'm so lonely today.,0
sms_681,What is this 'hex' place you talk of? Explain!,0
sms_684,Hi I'm sue. I am 20 years old and work as a lapdancer. I love sex. Text me live - I'm i my bedroom now. text SUE to 89555. By TextOperator G2 1DA 150ppmsg 18+,1
sms_688,"Dear,Me at cherthala.in case u r coming cochin pls call bfore u start.i shall also reach accordingly.or tell me which day u r coming.tmorow i am engaged ans its holiday.",0
sms_690,<Forwarded from 448712404000>Please CALL 08712404000 immediately as there is an urgent message waiting for you.,1
sms_691,Was the farm open?,0
sms_693,"My sister in law, hope you are having a great month. Just saying hey. Abiola",0
sms_695,Ah poop. Looks like ill prob have to send in my laptop to get fixed cuz it has a gpu problem,0
sms_696,Good. Good job. I like entrepreneurs,0
sms_697,"Aight, you close by or still down around alex's place?",0
sms_698,meet you in corporation st outside gap … you can see how my mind is working!,0
sms_699,Mum ask ü to buy food home...,0
sms_702,"Sorry, I'll call later",0
sms_703,What is important is that you prevent dehydration by giving her enough fluids,0
sms_705,True dear..i sat to pray evening and felt so.so i sms'd you in some time...,0
sms_708,Quite late lar... Ard 12 anyway i wun b drivin...,0
sms_709,"To review and KEEP the fantastic Nokia N-Gage game deck with Club Nokia, go 2 www.cnupdates.com/newsletter. unsubscribe from alerts reply with the word OUT",1
sms_710,4mths half price Orange line rental & latest camera phones 4 FREE. Had your phone 11mths+? Call MobilesDirect free on 08000938767 to update now! or2stoptxt T&Cs,1
sms_713,08714712388 between 10am-7pm Cost 10p,1
sms_714,"Save yourself the stress. If the person has a dorm account, just send your account details and the money will be sent to you.",0
sms_715,He also knows about lunch menu only da. . I know,0
sms_716,When i have stuff to sell i.ll tell you,0
sms_717,+449071512431 URGENT! This is the 2nd attempt to contact U!U have WON £1250 CALL 09071512433 b4 050703 T&CsBCM4235WC1N3XX. callcost 150ppm mobilesvary. max£7. 50,1
sms_718,Book which lesson? then you msg me... I will call up after work or sth... I'm going to get specs. My membership is PX3748,0
sms_720,Macha dont feel upset.i can assume your mindset.believe me one evening with me and i have some wonderful plans for both of us.LET LIFE BEGIN AGAIN.call me anytime,0
sms_723,That is wondar full flim.,0
sms_725,"The world is running and i am still.maybe all are feeling the same,so be it.or i have to admit,i am mad.then where is the correction?or let me call this is life.and keep running with the world,may be u r also running.lets run.",0
sms_726,Got it! It looks scrumptious... daddy wants to eat you all night long!,0
sms_727,Of cos can lar i'm not so ba dao ok... 1 pm lor... Y u never ask where we go ah... I said u would ask on fri but he said u will ask today...,0
sms_728,"Alright omw, gotta change my order to a half8th",0
sms_729,Exactly. Anyways how far. Is jide her to study or just visiting,0
sms_730,Dunno y u ask me.,0
sms_731,Email AlertFrom: Jeri StewartSize: 2KBSubject: Low-cost prescripiton drvgsTo listen to email call 123,1
sms_732,No he didn't. Spring is coming early yay!,0
sms_733,Lol you won't feel bad when I use her money to take you out to a steak dinner =D,0
sms_735,Leaving to qatar tonite in search of an opportunity.all went fast.pls add me in ur prayers dear.Rakhesh,0
sms_738,Hi. Customer Loyalty Offer:The NEW Nokia6650 Mobile from ONLY £10 at TXTAUCTION! Txt word: START to No: 81151 & get yours Now! 4T&Ctxt TC 150p/MTmsg,1
sms_739,Wish i were with you now!,0
sms_740,Haha mayb u're rite... U know me well. Da feeling of being liked by someone is gd lor. U faster go find one then all gals in our group attached liao.,0
sms_741,Yes i will be there. Glad you made it.,0
sms_743,Just got up. have to be out of the room very soon. …. i hadn't put the clocks back til at 8 i shouted at everyone to get up and then realised it was 7. wahay. another hour in bed.,0
sms_744,Ok. There may be a free gym about.,0
sms_745,Men like shorter ladies. Gaze up into his eyes.,0
sms_746,Dunno he jus say go lido. Same time 930.,0
sms_749,Is there a reason we've not spoken this year? Anyways have a great week and all the best in your exam,0
sms_750,By monday next week. Give me the full gist,0
sms_751,"Do you realize that in about 40 years, we'll have thousands of old ladies running around with tattoos?",1
sms_752,You have an important customer service announcement from PREMIER.,1
sms_753,Dont gimme that lip caveboy,0
sms_755,Realy sorry-i don't recognise this number and am now confused :) who r u please?!,0
sms_756,So why didnt you holla?,0
sms_758,"Faith makes things possible,Hope makes things work,Love makes things beautiful,May you have all three this Christmas!Merry Christmas!",0
sms_759,U should have made an appointment,0
sms_760,"Call me when you/carlos is/are here, my phone's vibrate is acting up and I might not hear texts",0
sms_761,"Romantic Paris. 2 nights, 2 flights from £79 Book now 4 next year. Call 08704439680Ts&Cs apply.",1
sms_762,"We are at grandmas. Oh dear, u still ill? I felt Shit this morning but i think i am just hungover! Another night then. We leave on sat.",0
sms_764,Nothing but we jus tot u would ask cos u ba gua... But we went mt faber yest... Yest jus went out already mah so today not going out... Jus call lor...,0
sms_766,UR awarded a City Break and could WIN a £200 Summer Shopping spree every WK. Txt STORE to 88039 . SkilGme. TsCs087147403231Winawk!Age16 £1.50perWKsub,1
sms_768,"Sorry, I'll call later",0
sms_769,I cant pick the phone right now. Pls send a message,0
sms_770,Lol I know! They're so dramatic. Schools already closed for tomorrow. Apparently we can't drive in the inch of snow were supposed to get.,0
sms_773,"idc get over here, you are not weaseling your way out of this shit twice in a row",0
sms_775,Just sleeping..and surfing,0
sms_776,Thanks for picking up the trash.,0
sms_777,Why don't you go tell your friend you're not sure you want to live with him because he smokes too much then spend hours begging him to come smoke,0
sms_778,Hi its Kate it was lovely to see you tonight and ill phone you tomorrow. I got to sing and a guy gave me his card! xxx,0
sms_779,Happy New year my dear brother. I really do miss you. Just got your number and decided to send you this text wishing you only happiness. Abiola,0
sms_784,You have an important customer service announcement from PREMIER. Call FREEPHONE 0800 542 0578 now!,1
sms_785,Dont think so. It turns off like randomlly within 5min of opening,0
sms_786,"She was supposed to be but couldn't make it, she's still in town though",0
sms_789,"5 Free Top Polyphonic Tones call 087018728737, National Rate. Get a toppoly tune sent every week, just text SUBPOLY to 81618, £3 per pole. UnSub 08718727870.",1
sms_791,This is hoping you enjoyed your game yesterday. Sorry i've not been in touch but pls know that you are fondly bein thot off. Have a great week. Abiola,0
sms_795,There generally isn't one. It's an uncountable noun - u in the dictionary. pieces of research?,0
sms_796,it's really getting me down just hanging around.,0
sms_797,"Orange customer, you may now claim your FREE CAMERA PHONE upgrade for your loyalty. Call now on 0207 153 9996. Offer ends 14thMarch. T&C's apply. Opt-out availa",1
sms_800,Gimme a few was  &lt;#&gt;  minutes ago,0
sms_803,FREE for 1st week! No1 Nokia tone 4 ur mobile every week just txt NOKIA to 8077 Get txting and tell ur mates. www.getzed.co.uk POBox 36504 W45WQ 16+ norm150p/tone,1
sms_804,You have won a guaranteed £200 award or even £1000 cashto claim UR award call free on 08000407165 (18+) 2 stop getstop on 88222 PHP. RG21 4JX,1
sms_805,K I'll be there before 4.,0
sms_806,I dled 3d its very imp,0
sms_811,S:)s.nervous  &lt;#&gt; :),0
sms_813,Congratulations ur awarded either £500 of CD gift vouchers & Free entry 2 our £100 weekly draw txt MUSIC to 87066 TnCs www.Ldew.com1win150ppmx3age16,1
sms_814,I borrow ur bag ok.,0
sms_816,Where's my boytoy? I miss you ... What happened?,0
sms_819,Then why you not responding,0
sms_820,BOO BABE! U ENJOYIN YOURJOB? U SEEMED 2 B GETTIN ON WELL HUNNY!HOPE URE OK?TAKE CARE & ILLSPEAK 2U SOONLOTS OF LOVEME XXXX.,0
sms_821,Good afternoon starshine! How's my boytoy? Does he crave me yet? Ache to fuck me ? *sips cappuccino* I miss you babe *teasing kiss*,0
sms_822,On the road so cant txt,0
sms_824,25p 4 alfie Moon's Children in need song on ur mob. Tell ur m8s. Txt Tone charity to 8007 for Nokias or Poly charity for polys: zed 08701417012 profit 2 charity.,1
sms_825,Have a good evening! Ttyl,0
sms_826,Hmm .. Bits and pieces lol ... *sighs* ...,0
sms_827,Hahaha..use your brain dear,0
sms_828,Hey. You got any mail?,0
sms_829,"Sorry light turned green, I meant another friend wanted  &lt;#&gt;  worth but he may not be around",0
sms_830,Thanks for yesterday sir. You have been wonderful. Hope you enjoyed the burial. MojiBiola,0
sms_832,Hi mate its RV did u hav a nice hol just a message 3 say hello coz havent sent u 1 in ages started driving so stay off roads!RVx,0
sms_833,"Dear Voucher Holder, To claim this weeks offer, at you PC please go to http://www.e-tlp.co.uk/expressoffer Ts&Cs apply. To stop texts, txt STOP to 80062",1
sms_834,"Thank you so much. When we skyped wit kz and sura, we didnt get the pleasure of your company. Hope you are good. We've given you ultimatum oh! We are countin down to aburo. Enjoy! This is the message i sent days ago",0
sms_835,Surely result will offer:),0
sms_836,Good Morning my Dear........... Have a great &amp; successful day.,0
sms_837,Do you want 750 anytime any network mins 150 text and a NEW VIDEO phone for only five pounds per week call 08002888812 or reply for delivery tomorrow,1
sms_846,Meanwhile in the shit suite: xavier decided to give us  &lt;#&gt;  seconds of warning that samantha was coming over and is playing jay's guitar to impress her or some shit. Also I don't think doug realizes I don't live here anymore,0
sms_848,I am in office:)whats the matter..msg me now.i will call you at break:).,0
sms_849,"Yeah there's barely enough room for the two of us, x has too many fucking shoes. Sorry man, see you later",0
sms_850,"Today's Offer! Claim ur £150 worth of discount vouchers! Text YES to 85023 now! SavaMob, member offers mobile! T Cs 08717898035. £3.00 Sub. 16 . Unsub reply X",1
sms_851,U reach orchard already? U wan 2 go buy tickets first?,0
sms_853,No da if you run that it activate the full version da.,0
sms_854,AH POOR BABY!HOPE URFEELING BETTERSN LUV! PROBTHAT OVERDOSE OF WORK HEY GO CAREFUL SPK 2 U SN LOTS OF LOVEJEN XXX.,0
sms_855,Stop the story. I've told him i've returned it and he's saying i should not re order it.,0
sms_856,Talk sexy!! Make new friends or fall in love in the worlds most discreet text dating service. Just text VIP to 83110 and see who you could meet.,1
sms_857,Going to take your babe out ?,0
sms_858,Hai ana tomarrow am coming on morning.  &lt;DECIMAL&gt;  ill be there in sathy then we ll go to RTO office. Reply me after came to home.,0
sms_859,Spoons it is then okay?,0
sms_861,In work now. Going have in few min.,0
sms_862,Your brother is a genius,0
sms_864,Did u find out what time the bus is at coz i need to sort some stuff out.,0
sms_865,Dude ive been seeing a lotta corvettes lately,0
sms_866,Congratulations ur awarded either a yrs supply of CDs from Virgin Records or a Mystery Gift GUARANTEED Call 09061104283 Ts&Cs www.smsco.net £1.50pm approx 3mins,1
sms_868,PRIVATE! Your 2003 Account Statement for 07808 XXXXXX shows 800 un-redeemed S. I. M. points. Call 08719899217 Identifier Code: 41685 Expires 07/11/04,1
sms_870,What do U want for Xmas? How about 100 free text messages & a new video phone with half price line rental? Call free now on 0800 0721072 to find out more!,1
sms_871,"Well am officially in a philosophical hole, so if u wanna call am at home ready to be saved!",0
sms_873,I'll text you when I drop x off,0
sms_874,Ugh its been a long day. I'm exhausted. Just want to cuddle up and take a nap,0
sms_875,Talk With Yourself Atleast Once In A Day...!!! Otherwise You Will Miss Your Best FRIEND In This WORLD...!!! -Shakespeare- SHESIL  &lt;#&gt;,0
sms_881,Reminder: You have not downloaded the content you have already paid for. Goto http://doit. mymoby. tv/ to collect your content.,1
sms_882,"see, i knew giving you a break a few times woul lead to you always wanting to miss curfew. I was gonna gibe you 'til one, but a MIDNIGHT movie is not gonna get out til after 2. You need to come home. You need to getsleep and, if anything, you need to b studdying ear training.",0
sms_883,I love to give massages. I use lots of baby oil... What is your fave position?,0
sms_884,Dude we should go sup again,0
sms_888,Y dun cut too short leh. U dun like ah? She failed. She's quite sad.,0
sms_893,Nutter. Cutter. Ctter. Cttergg. Cttargg. Ctargg. Ctagg. ie you,0
sms_900,"Your free ringtone is waiting to be collected. Simply text the password ""MIX"" to 85069 to verify. Get Usher and Britney. FML, PO Box 5249, MK17 92H. 450Ppw 16",1
sms_901,Probably money worries. Things are coming due and i have several outstanding invoices for work i did two and three months ago.,0
sms_904,Lovely smell on this bus and it ain't tobacco...,0
sms_909,WHITE FUDGE OREOS ARE IN STORES,0
sms_910,"January Male Sale! Hot Gay chat now cheaper, call 08709222922. National rate from 1.5p/min cheap to 7.8p/min peak! To stop texts call 08712460324 (10p/min)",1
sms_912,I am sorry it hurt you.,0
sms_914,Ok lor but not too early. Me still having project meeting now.,0
sms_915,"Call me da, i am waiting for your call.",0
sms_916,I could ask carlos if we could get more if anybody else can chip in,0
sms_917,Was actually about to send you a reminder today. Have a wonderful weekend,0
sms_918,"When people see my msgs, They think Iam addicted to msging... They are wrong, Bcoz They don\'t know that Iam addicted to my sweet Friends..!! BSLVYL",0
sms_920,Dont talk to him ever ok its my word.,0
sms_921,When u wana see it then,0
sms_922,On ma way to school. Can you pls send me ashley's number,0
sms_923,It shall be fine. I have avalarr now. Will hollalater,0
sms_924,She went to attend another two rounds today..but still did't reach home..,0
sms_927,But I'm on a diet. And I ate 1 too many slices of pizza yesterday. Ugh I'm ALWAYS on a diet.,0
sms_928,K:)i will give my kvb acc details:),0
sms_929,Oh all have to come ah?,0
sms_930,money!!! you r a lucky winner ! 2 claim your prize text money 2 88600 over £1million to give away ! ppt150x3+normal text rate box403 w1t1jy,1
sms_931,I'm really sorry i won't b able 2 do this friday.hope u can find an alternative.hope yr term's going ok:-),0
sms_933,So do you have samus shoulders yet,0
sms_934,What time you think you'll have it? Need to know when I should be near campus,0
sms_935,"Dear Matthew please call 09063440451 from a landline, your complimentary 4*Lux Tenerife holiday or £1000 CASH await collection. ppm150 SAE T&Cs Box334 SK38XH.",1
sms_937,"Since when, which side, any fever, any vomitin.",0
sms_938,K:)k.are you in college?,0
sms_940,Better. Made up for Friday and stuffed myself like a pig yesterday. Now I feel bleh. But at least its not writhing pain kind of bleh.,0
sms_941,No we sell it all so we'll have tons if coins. Then sell our coins to someone thru paypal. Voila! Money back in life pockets:),0
sms_942,Theyre doing it to lots of places. Only hospitals and medical places are safe.,0
sms_943,How about getting in touch with folks waiting for company? Just txt back your NAME and AGE to opt in! Enjoy the community (150p/SMS),1
sms_944,And also I've sorta blown him off a couple times recently so id rather not text him out of the blue looking for weed,0
sms_945,"I sent my scores to sophas and i had to do secondary application for a few schools. I think if you are thinking of applying, do a research on cost also. Contact joke ogunrinde, her school is one me the less expensive ones",0
sms_948,Hey i booked the kb on sat already... what other lessons are we going for ah? Keep your sat night free we need to meet and confirm our lodging,0
sms_951,"Awesome, lemme know whenever you're around",0
sms_954,Also remember to get dobby's bowl from your car,0
sms_956,Sorry i now then c ur msg... Yar lor so poor thing... But only 4 one night... Tmr u'll have a brand new room 2 sleep in...,0
sms_960,Where @,0
sms_963,"Watching cartoon, listening music &amp; at eve had to go temple &amp; church.. What about u?",0
sms_964,Yo chad which gymnastics class do you wanna take? The site says Christians class is full..,0
sms_968,What do u want when i come back?.a beautiful necklace as a token of my heart for you.thats what i will give but ONLY to MY WIFE OF MY LIKING.BE THAT AND SEE..NO ONE can give you that.dont call me.i will wait till i come.,0
sms_969,Are you willing to go for aptitude class.,0
sms_970,"It wont b until 2.15 as trying 2 sort house out, is that ok?",0
sms_971,"Yar lor he wan 2 go c horse racing today mah, so eat earlier lor. I ate chicken rice. U?",0
sms_974,what is your account number?,0
sms_976,Hey no I ad a crap nite was borin without ya 2 boggy with me u boring biatch! Thanx but u wait til nxt time il ave ya,0
sms_979,Hey you can pay. With salary de. Only  &lt;#&gt; .,0
sms_980,Another month. I need chocolate weed and alcohol.,0
sms_981,If he started searching he will get job in few days.he have great potential and talent.,0
sms_984,LOOK AT THE FUCKIN TIME. WHAT THE FUCK YOU THINK IS UP,0
sms_986,Carlos says he'll be at mu in  &lt;#&gt;  minutes,0
sms_987,I'm in office now . I will call you  &lt;#&gt;  min:),0
sms_988,"Geeee ... I miss you already, you know ? Your all I can think about. Fuck, I can't wait till next year when we will be together ... *loving kiss*",0
sms_989,"Yun ah.the ubi one say if ü wan call by tomorrow.call 67441233 look for irene.ere only got bus8,22,65,61,66,382. Ubi cres,ubi tech park.6ph for 1st 5wkg days.èn",0
sms_991,26th OF JULY,0
sms_992,Hi im having the most relaxing time ever! we have to get up at 7am every day! was the party good the other night? I get home tomorrow at 5ish.,0
sms_993,Up to ü... Ü wan come then come lor... But i din c any stripes skirt...,0
sms_994,The Xmas story is peace.. The Xmas msg is love.. The Xmas miracle is jesus.. Hav a blessed month ahead &amp; wish U Merry Xmas...,0
sms_996,Change again... It's e one next to escalator...,0
sms_997,Yetunde i'm in class can you not run water on it to make it ok. Pls now.,0
sms_998,Not a lot has happened here. Feels very quiet. Beth is at her aunts and charlie is working lots. Just me and helen in at the mo. How have you been?,0
sms_999,Then ü wait 4 me at bus stop aft ur lect lar. If i dun c ü then i go get my car then come back n pick ü.,0
sms_1001,No..but heard abt tat..,0
sms_1003,Yes..he is really great..bhaji told kallis best cricketer after sachin in world:).very tough to get out.,0
sms_1005,Umma. Did she say anything,0
sms_1006,Give me a sec to think think about it,0
sms_1008,I don't quite know what to do. I still can't get hold of anyone. I cud pick you up bout 7.30pm and we can see if they're in the pub?,0
sms_1009,"Poyyarikatur,kolathupalayam,unjalur post,erode dis, &lt;#&gt; .",0
sms_1013,I dunno they close oredi not... Ü v ma fan...,0
sms_1014,Just buy a pizza. Meat lovers or supreme. U get to pick.,0
sms_1017,FREE for 1st week! No1 Nokia tone 4 ur mob every week just txt NOKIA to 8007 Get txting and tell ur mates www.getzed.co.uk POBox 36504 W45WQ norm150p/tone 16+,1
sms_1018,Shall i send that exe to your mail id.,0
sms_1019,Nope watching tv at home... Not going out. V bored...,0
sms_1020,Don know..wait i will check it.,0
sms_1021,"Good afternoon on this glorious anniversary day, my sweet J !! I hope this finds you happy and content, my Prey. I think of you and send a teasing kiss from across the sea coaxing images of fond souveniers ... You Cougar-Pen",0
sms_1023,We still on for tonight?,0
sms_1024,May i call You later Pls,0
sms_1025,Hasn't that been the pattern recently crap weekends?,0
sms_1027,Yes da. Any plm at ur office,0
sms_1028,Are you not around or just still asleep? :V,0
sms_1029,"Lol you forgot it eh ? Yes, I'll bring it in babe",0
sms_1031,Can not use foreign stamps in this country. Good lecture .,0
sms_1032,Yup bathe liao...,0
sms_1033,HAPPY NEW YEAR MY NO.1 MAN,0
sms_1035,ZOE IT JUST HIT ME 2 IM FUCKING SHITIN MYSELF IL DEFO TRY MY HARDEST 2 CUM 2MOROW LUV U MILLIONS LEKDOG,0
sms_1039,"Edison has rightly said, ""A fool can ask more questions than a wise man can answer"" Now you know why all of us are speechless during ViVa.. GM,GN,GE,GNT:-)",0
sms_1040,They just talking thats it de. They wont any other.,0
sms_1042,I'm in class. Will holla later,0
sms_1043,Easy ah?sen got selected means its good..,0
sms_1044,Mmm thats better now i got a roast down me! id b better if i had a few drinks down me 2! Good indian?,0
sms_1045,"We know someone who you know that fancies you. Call 09058097218 to find out who. POBox 6, LS15HB 150p",1
sms_1049,I walked an hour 2 c u! doesnt that show I care y wont u believe im serious?,0
sms_1050,18 days to Euro2004 kickoff! U will be kept informed of all the latest news and results daily. Unsubscribe send GET EURO STOP to 83222.,1
sms_1052,Do u noe wat time e place dat sells 4d closes?,0
sms_1053,"I got another job! The one at the hospital doing data analysis or something, starts on monday! Not sure when my thesis will got finished",0
sms_1056,I'm at work. Please call,0
sms_1057,Then u drive lor.,0
sms_1059,Tell me they're female :V how're you throwing in? We're deciding what all to get now,0
sms_1060,EASTENDERS TV Quiz. What FLOWER does DOT compare herself to? D= VIOLET E= TULIP F= LILY txt D E or F to 84025 NOW 4 chance 2 WIN £100 Cash WKENT/150P16+,1
sms_1062,I might come to kerala for 2 days.so you can be prepared to take a leave once i finalise .dont plan any travel during my visit.need to finish urgent works.,0
sms_1063,Ok. Not sure what time tho as not sure if can get to library before class. Will try. See you at some point! Have good eve.,0
sms_1064,We have new local dates in your area - Lots of new people registered in YOUR AREA. Reply DATE to start now! 18 only www.flirtparty.us REPLYS150,1
sms_1065,"That's fine, I'll bitch at you about it later then",0
sms_1066,No my mum went 2 dentist.,0
sms_1069,Someone U know has asked our dating service 2 contact you! Cant Guess who? CALL 09058091854 NOW all will be revealed. PO BOX385 M6 6WU,1
sms_1070,Jus finish bathing...,0
sms_1071,"alright, I'll make sure the car is back tonight",0
sms_1072,URGENT! We are trying to contact U. Todays draw shows that you have won a £800 prize GUARANTEED. Call 09050003091 from land line. Claim C52. Valid12hrs only,1
sms_1073,Dear U've been invited to XCHAT. This is our final attempt to contact u! Txt CHAT to 86688,1
sms_1074,Lul im gettin some juicy gossip at the hospital. Two nurses are talking about how fat they are gettin. And one thinks shes obese. Oyea.,0
sms_1075,Aight ill get on fb in a couple minutes,0
sms_1080,Me too watching surya movie only. . .after 6 pm vijay movie POKKIRI,0
sms_1082,Can u get pic msgs to your phone?,0
sms_1084,Wat makes some people dearer is not just de happiness dat u feel when u meet them but de pain u feel when u miss dem!!!,0
sms_1085,For me the love should start with attraction.i should feel that I need her every time around me.she should be the first thing which comes in my thoughts.I would start the day and end it with her.she should be there every time I dream.love will be then when my every breath has her name.my life should happen around her.my life will be named to her.I would cry for her.will give all my happiness and take all her sorrows.I will be ready to fight with anyone for her.I will be in love when I will be doing the craziest things for her.love will be when I don't have to proove anyone that my girl is the most beautiful lady on the whole planet.I will always be singing praises for her.love will be when I start up making chicken curry and end up makiing sambar.life will be the most beautiful then.will get every morning and thank god for the day because she is with me.I would like to say a lot..will tell later..,0
sms_1086,"FR'NDSHIP is like a needle of a clock. Though V r in d same clock, V r nt able 2 met. Evn if V meet,itz only 4few seconds. Bt V alwys stay conected. Gud 9t;-)",0
sms_1087,I don't think he has spatula hands!,0
sms_1089,You are awarded a SiPix Digital Camera! call 09061221061 from landline. Delivery within 28days. T Cs Box177. M221BP. 2yr warranty. 150ppm. 16 . p p£3.99,1
sms_1090,Goodmorning today i am late for  &lt;DECIMAL&gt; min.,0
sms_1093,Where r we meeting?,0
sms_1096,Ryder unsold.now gibbs.,0
sms_1097,Dear Subscriber ur draw 4 £100 gift voucher will b entered on receipt of a correct ans. When was Elvis Presleys Birthday? TXT answer to 80062,1
sms_1098,Don't fret. I'll buy the ovulation test strips and send them to you. You wont get them til like march. Can you send me your postal address.u'll be alright.Okay.,0
sms_1100,Been up to ne thing interesting. Did you have a good birthday? When are u wrking nxt? I started uni today.,0
sms_1101,You busy or can I come by at some point and figure out what we're doing tomorrow,0
sms_1102,"Yeah go on then, bored and depressed sittin waitin for phone to ring... Hope the wind drops though, scary",0
sms_1103,Black shirt n blue jeans... I thk i c ü...,0
sms_1105,Message Important information for O2 user. Today is your lucky day! 2 find out why log onto http://www.urawinner.com there is a fantastic surprise awaiting you,1
sms_1106,on hen night. Going with a swing,0
sms_1109,No you'll just get a headache trying to figure it out. U can trust me to do the math. I promise. O:-),0
sms_1110,S s..first time..dhoni rocks...,0
sms_1111,Ok ill tell the company,0
sms_1115,No no:)this is kallis home ground.amla home town is durban:),0
sms_1117,Hey... What time is your driving on fri? We go for evaluation on fri?,0
sms_1118,"449050000301 You have won a £2,000 price! To claim, call 09050000301.",1
sms_1119,I'm going 4 lunch now wif my family then aft dat i go str 2 orchard lor.,0
sms_1122,Do you want 750 anytime any network mins 150 text and a NEW video phone for only five pounds per week call 08000776320 now or reply for delivery Tomorrow,1
sms_1125,Aiyar sorry lor forgot 2 tell u...,0
sms_1126,For taking part in our mobile survey yesterday! You can now have 500 texts 2 use however you wish. 2 get txts just send TXT to 80160 T&C www.txt43.com 1.50p,1
sms_1129,Ur HMV Quiz cash-balance is currently £500 - to maximize ur cash-in now send HMV1 to 86688 only 150p/msg,1
sms_1131,Howz pain?hope u r fine..,0
sms_1132,"Sorry, I'll call later",0
sms_1135,U wake up already? Thanx 4 e tau sar piah it's quite nice.,0
sms_1137,Dont forget you can place as many FREE Requests with 1stchoice.co.uk as you wish. For more Information call 08707808226.,1
sms_1138,LOL ... No just was busy,0
sms_1140,Message:some text missing* Sender:Name Missing* *Number Missing *Sent:Date missing *Missing U a lot thats y everything is missing sent via fullonsms.com,0
sms_1141,Oh:)as usual vijay film or its different?,0
sms_1143,Have you had a good day? Mine was really busy are you up to much tomorrow night?,0
sms_1145,Really... I tot ur paper ended long ago... But wat u copied jus now got use? U happy lar... I still haf 2 study :-(,0
sms_1146,"Thank you, winner notified by sms. Good Luck! No future marketing reply STOP to 84122 customer services 08450542832",1
sms_1147,Babe ? I lost you ... :-(,0
sms_1148,Ok... Help me ask if she's working tmr a not?,0
sms_1150,Not a drop in the tank,0
sms_1151,(That said can you text him one more time?),0
sms_1152,"Sorry, I'll call later",0
sms_1153,Ok i go change also...,0
sms_1154,1000's of girls many local 2 u who r virgins 2 this & r ready 2 4fil ur every sexual need. Can u 4fil theirs? text CUTE to 69911(£1.50p. m),1
sms_1155,Did u find a sitter for kaitlyn? I was sick and slept all day yesterday.,0
sms_1157,Hey.. Something came up last min.. Think i wun be signing up tmr.. Hee,0
sms_1158,He's an adult and would learn from the experience. There's no real danger. I just dont like peeps using drugs they dont need. But no comment,0
sms_1159,Hey! There's veggie pizza... :/,0
sms_1162,K. I will sent it again,0
sms_1164,"New Theory: Argument wins d SITUATION, but loses the PERSON. So dont argue with ur friends just.. . . . kick them &amp; say, I'm always correct.!",0
sms_1165,Well. Im computerless. Time to make some oreo truffles,0
sms_1166,"Haha yeah I see that now, be there in a sec",0
sms_1168,Lol now I'm after that hot air balloon!,0
sms_1170,Msgs r not time pass.They silently say that I am thinking of U right now and also making U think of me at least 4 a moment. Gd nt.swt drms @Shesil,0
sms_1174,Ü dun need to pick ur gf?,0
sms_1176,Horrible u eat macs eat until u forgot abt me already rite... U take so long 2 reply. I thk it's more toot than b4 so b prepared. Now wat shall i eat?,0
sms_1177,"Did he say how fantastic I am by any chance, or anything need a bigger life lift as losing the will 2 live, do you think I would be the first person 2 die from N V Q?",0
sms_1178,Just nw i came to hme da..,0
sms_1179,"I'm outside islands, head towards hard rock and you'll run into me",0
sms_1180,To day class is there are no class.,0
sms_1182,You flippin your shit yet?,0
sms_1184,Am i that much bad to avoid like this?,0
sms_1186,Annoying isn't it.,0
sms_1187,"Goodmorning, Today i am late for  &lt;#&gt; min.",0
sms_1190,In that case I guess I'll see you at campus lodge,0
sms_1191,We're done...,0
sms_1194,Sex up ur mobile with a FREE sexy pic of Jordan! Just text BABE to 88600. Then every wk get a sexy celeb! PocketBabe.co.uk 4 more pics. 16 £3/wk 087016248,1
sms_1196,You have 1 new voicemail. Please call 08719181503,1
sms_1197,What he said is not the matter. My mind saying some other matter is there.,0
sms_1198,He also knows about lunch menu only da. . I know,0
sms_1199,"Al he does is moan at me if n e thin goes wrong its my fault&al de arguments r my fault&fed up of him of himso y bother? Hav 2go, thanx.xx",0
sms_1200,NEFT Transaction with reference number  &lt;#&gt;  for Rs. &lt;DECIMAL&gt;  has been credited to the beneficiary account on  &lt;#&gt;  at  &lt;TIME&gt; : &lt;#&gt;,0
sms_1204,Thanks for understanding. I've been trying to tell sura that.,0
sms_1207,"As a SIM subscriber, you are selected to receive a Bonus! Get it delivered to your door, Txt the word OK to No: 88600 to claim. 150p/msg, EXP. 30Apr",1
sms_1209,Also maaaan are you missing out,0
sms_1210,His bday real is in april .,0
sms_1212,Ok then i will come to ur home after half an hour,0
sms_1215,I'll text now! All creepy like so he won't think that we forgot,0
sms_1216,"that would be good … I'll phone you tomo lunchtime, shall I, to organise something?",0
sms_1217,You have 1 new voicemail. Please call 08719181513.,1
sms_1218,"Damn, can you make it tonight or do you want to just wait til tomorrow",0
sms_1221,No. 1 Nokia Tone 4 ur mob every week! Just txt NOK to 87021. 1st Tone FREE ! so get txtin now and tell ur friends. 150p/tone. 16 reply HL 4info,1
sms_1222,Prakesh is there know.,0
sms_1227,Reply with your name and address and YOU WILL RECEIVE BY POST a weeks completely free accommodation at various global locations www.phb1.com ph:08700435505150p,1
sms_1228,So ü'll be submitting da project tmr rite?,0
sms_1229,FREE entry into our £250 weekly comp just send the word ENTER to 84128 NOW. 18 T&C www.textcomp.com cust care 08712405020.,1
sms_1231,I want to send something that can sell fast.  &lt;#&gt; k is not easy money.,0
sms_1232,have got * few things to do. may be in * pub later.,0
sms_1234,Lol ok. I'll snatch her purse too.,0
sms_1235,Hello-/@drivby-:0quit edrunk sorry iff pthis makes no senrd-dnot no how ^ dancce 2 drum n basq!ihave fun 2nhite x ros xxxxxxx,0
sms_1237,How much are we getting?,0
sms_1238,Is ur paper in e morn or aft tmr?,0
sms_1241,Oh yes I can speak txt 2 u no! Hmm. Did u get  email?,0
sms_1243,Nobody can decide where to eat and dad wants Chinese,0
sms_1244,No shoot me. I'm in the docs waiting room. :/,0
sms_1246,Hello which the site to download songs its urgent pls,0
sms_1247,"I do know what u mean,  is the king of not havin credit! I'm goin2bed now. Night night sweet! Only1more sleep!",0
sms_1248,Horrible gal. Me in sch doing some stuff. How come u got mc?,0
sms_1249,"HI HUN! IM NOT COMIN 2NITE-TELL EVERY1 IM SORRY 4 ME, HOPE U AVA GOODTIME!OLI RANG MELNITE IFINK IT MITE B SORTED,BUT IL EXPLAIN EVERYTHIN ON MON.L8RS.x",0
sms_1250,"I call you later, don't have network. If urgnt, sms me.",0
sms_1251,Ummmmmaah Many many happy returns of d day my dear sweet heart.. HAPPY BIRTHDAY dear,0
sms_1252,Please CALL 08712402779 immediately as there is an urgent message waiting for you,1
sms_1254,Mum say we wan to go then go... Then she can shun bian watch da glass exhibition...,0
sms_1258,Am also doing in cbe only. But have to pay.,0
sms_1259,Honey boo I'm missing u.,0
sms_1260,"We have sent JD for Customer Service cum Accounts Executive to ur mail id, For details contact us",0
sms_1261,"Yo, I'm at my parents' gettin cash. Good news: we picked up a downstem",0
sms_1262,"Thank you so much. When we skyped wit kz and sura, we didnt get the pleasure of your company. Hope you are good. We've given you ultimatum oh! We are countin down to aburo. Enjoy!",0
sms_1263,"Hungry gay guys feeling hungry and up 4 it, now. Call 08718730555 just 10p/min. To stop texts call 08712460324 (10p/min)",1
sms_1265,I will see in half an hour,0
sms_1267,"Hey sorry I didntgive ya a a bellearlier hunny,just been in bedbut mite go 2 thepub l8tr if uwana mt up?loads a luv Jenxxx.",0
sms_1268,SERIOUSLY. TELL HER THOSE EXACT WORDS RIGHT NOW.,0
sms_1269,Can U get 2 phone NOW? I wanna chat 2 set up meet Call me NOW on 09096102316 U can cum here 2moro Luv JANE xx Calls£1/minmoremobsEMSPOBox45PO139WA,1
sms_1270,"Tee hee. Off to lecture, cheery bye bye.",0
sms_1273,Ok...,0
sms_1276,Wot u up 2 u weirdo?,0
sms_1280,Waiting 4 my tv show 2 start lor... U leh still busy doing ur report?,0
sms_1282,Am I the only one who doesn't stalk profiles?,0
sms_1283,"Ever green quote ever told by Jerry in cartoon ""A Person Who Irritates u Always Is the one Who Loves u Vry Much But Fails to Express It...!..!! :-) :-) gud nyt",0
sms_1284,Yes i thought so. Thanks.,0
sms_1286,"Just wondering, the others just took off",0
sms_1287,"Night has ended for another day, morning has come in a special way. May you smile like the sunny rays and leaves your worries at the blue blue bay. Gud mrng",0
sms_1288,"What do you do, my dog ? Must I always wait till the end of your day to have word from you ? Did you run out of time on your cell already?",0
sms_1290,"Hey...Great deal...Farm tour 9am to 5pm $95/pax, $50 deposit by 16 May",0
sms_1291,Eat jap done oso aft ur lect wat... Ü got lect at 12 rite...,0
sms_1292,"Hey babe! I saw you came online for a second and then you disappeared, what happened ?",0
sms_1293,Da my birthdate in certificate is in april but real date is today. But dont publish it. I shall give you a special treat if you keep the secret. Any way thanks for the wishes,0
sms_1296,TELL HER I SAID EAT SHIT.,0
sms_1297,Sure! I am driving but will reach my destination soon.,0
sms_1298,"K so am I, how much for an 8th? Fifty?",0
sms_1299,Your daily text from me – a favour this time,0
sms_1301,Those cocksuckers. If it makes you feel better ipads are worthless garbage novelty items and you should feel bad for even wanting one,0
sms_1302,I tot u reach liao. He said t-shirt.,0
sms_1303,"FRAN I DECIDED 2 GO N E WAY IM COMPLETELY BROKE AN KNACKERED I GOT UP BOUT 3 C U 2MRW LOVE JANX P.S THIS IS MY DADS FONE, -NO CREDIT",0
sms_1304,I cant pick the phone right now. Pls send a message,0
sms_1305,Your right! I'll make the appointment right now.,0
sms_1306,Designation is software developer and may be she get chennai:),0
sms_1309,I jokin oni lar.. Ü busy then i wun disturb ü.,0
sms_1311,"I.ll always be there, even if its just in spirit. I.ll get a bb soon. Just trying to be sure i need it.",0
sms_1312,U r too much close to my heart. If u go away i will be shattered. Plz stay with me.,0
sms_1313,I love u 2 babe! R u sure everything is alrite. Is he being an idiot? Txt bak girlie,0
sms_1314,How abt making some of the pics bigger?,0
sms_1315,Got but got 2 colours lor. One colour is quite light n e other is darker lor. Actually i'm done she's styling my hair now.,0
sms_1319,Ok...,0
sms_1320,Correct. So how was work today,0
sms_1321,"Just sent again. Do you scream and moan in bed, princess?",0
sms_1322,"I wake up long ago already... Dunno, what other thing?",0
sms_1323,Oh just getting even with u.... u?,0
sms_1324,I thk 50 shd be ok he said plus minus 10.. Did ü leave a line in between paragraphs?,0
sms_1325,Can you call me plz. Your number shows out of coveragd area. I have urgnt call in vasai &amp; have to reach before 4'o clock so call me plz,0
sms_1326,Yeah jay's sort of a fucking retard,0
sms_1327,"Sorry, was in the bathroom, sup",0
sms_1328,Ur balance is now £500. Ur next question is: Who sang 'Uptown Girl' in the 80's ? 2 answer txt ur ANSWER to 83600. Good luck!,1
sms_1329,My exam is for february 4. Wish you a great day.,0
sms_1332,Good Morning plz call me sir,0
sms_1333,It's ok lar. U sleep early too... Nite...,0
sms_1334,"Oh... Icic... K lor, den meet other day...",0
sms_1335,"Oh ! A half hour is much longer in Syria than Canada, eh ? Wow you must get SO much more work done in a day than us with all that extra time ! *grins*",0
sms_1336,"Sometimes we put walls around our hearts,not just to be safe from getting hurt.. But to find out who cares enough to break the walls &amp; get closer.. GOODNOON:)",0
sms_1338,Then she buying today? Ü no need to c meh...,0
sms_1344,Crazy ar he's married. Ü like gd looking guys not me. My frens like say he's korean leona's fave but i dun thk he is. Aft some thinking mayb most prob i'll go.,0
sms_1345,Were somewhere on Fredericksburg,0
sms_1347,Is it ok if I stay the night here? Xavier has a sleeping bag and I'm getting tired,0
sms_1348,She doesnt need any test.,0
sms_1355,Baaaaabe! I misss youuuuu ! Where are you ? I have to go and teach my class at 5 ...,0
sms_1358,"Good afternoon loverboy ! How goes you day ? Any luck come your way? I think of you, sweetie and send my love across the sea to make you smile and happy",0
sms_1359,If i start sending blackberry torch to nigeria will you find buyer for me?like 4a month. And tell dad not to buy bb from anyone oh.,0
sms_1361,Yo dude guess who just got arrested the other day,0
sms_1362,Shuhui say change 2 suntec steamboat? U noe where? Where r u now?,0
sms_1363,What does the dance river do?,0
sms_1364,"Yetunde, i'm sorry but moji and i seem too busy to be able to go shopping. Can you just please find some other way to get what you wanted us to get. Please forgive me. You can reply free via yahoo messenger.",0
sms_1366,"HOT LIVE FANTASIES call now 08707509020 Just 20p per min NTT Ltd, PO Box 1327 Croydon CR9 5WB 0870..k",1
sms_1367,Bbq this sat at mine from 6ish. Ur welcome 2 come,0
sms_1369,Alright. I'm out--have a good night!,0
sms_1370,Did you try making another butt.,0
sms_1371,Hope you are feeling great. Pls fill me in. Abiola,0
sms_1372,I though we shd go out n have some fun so bar in town or something – sound ok?,0
sms_1373,"1) Go to write msg 2) Put on Dictionary mode 3)Cover the screen with hand, 4)Press  &lt;#&gt; . 5)Gently remove Ur hand.. Its interesting..:)",0
sms_1375,"500 New Mobiles from 2004, MUST GO! Txt: NOKIA to No: 89545 & collect yours today!From ONLY £1 www.4-tc.biz 2optout 087187262701.50gbp/mtmsg18 TXTAUCTION",1
sms_1376,We're finally ready fyi,0
sms_1378,Double Mins & Double Txt & 1/2 price Linerental on Latest Orange Bluetooth mobiles. Call MobileUpd8 for the very latest offers. 08000839402 or call2optout/LF56,1
sms_1380,No. 1 Nokia Tone 4 ur mob every week! Just txt NOK to 87021. 1st Tone FREE ! so get txtin now and tell ur friends. 150p/tone. 16 reply HL 4info,1
sms_1382,"We spend our days waiting for the ideal path to appear in front of us.. But what we forget is.. ""paths are made by walking.. not by waiting.."" Goodnight!",0
sms_1383,Its ok my arm is feeling weak cuz i got a shot so we can go another time,0
sms_1384,Please reserve ticket on saturday eve from chennai to thirunelvali and again from tirunelvali to chennai on sunday eve...i already see in net..no ticket available..i want to book ticket through tackle ..,0
sms_1386,That's ok. I popped in to ask bout something and she said you'd been in. Are you around tonght wen this girl comes?,0
sms_1387,All e best 4 ur exam later.,0
sms_1390,"Haha... Where got so fast lose weight, thk muz go 4 a month den got effect... Gee,later we go aust put bk e weight.",0
sms_1392,"Haha just kidding, papa needs drugs",0
sms_1396,Thats cool! I am a gentleman and will treat you with dignity and respect.,0
sms_1398,Then we wait 4 u lor... No need 2 feel bad lar...,0
sms_1399,No did you check? I got his detailed message now,0
sms_1400,You have registered Sinco as Payee. Log in at icicibank.com and enter URN  &lt;#&gt;  to confirm. Beware of frauds. Do NOT share or disclose URN to anyone.,0
sms_1402,Kaiez... Enjoy ur tuition... Gee... Thk e second option sounds beta... I'll go yan jiu den msg u...,0
sms_1403,You have registered Sinco as Payee. Log in at icicibank.com and enter URN  &lt;#&gt;  to confirm. Beware of frauds. Do NOT share or disclose URN to anyone.,0
sms_1404,cool. We will have fun practicing making babies!,0
sms_1406,K..k..any special today?,0
sms_1408,Then we gotta do it after that,0
sms_1414,Dear U've been invited to XCHAT. This is our final attempt to contact u! Txt CHAT to 86688 150p/MsgrcvdHG/Suite342/2Lands/Row/W1J6HL LDN 18 yrs,1
sms_1415,So wats ur opinion abt him and how abt is character?,0
sms_1416,Jay is snickering and tells me that x is totally fucking up the chords as we speak,0
sms_1418,No wonder... Cos i dun rem seeing a silver car... But i thk i saw a black one...,0
sms_1419,Lmao. Take a pic and send it to me.,0
sms_1422,Do you work all this week ?,0
sms_1423,Congratulations ur awarded either £500 of CD gift vouchers & Free entry 2 our £100 weekly draw txt MUSIC to 87066 TnCs www.Ldew.com 1 win150ppmx3age16,1
sms_1424,Lol great now im getting hungry.,0
sms_1425,Yes.. now only saw your message..,0
sms_1426,I'll be at mu in like  &lt;#&gt;  seconds,0
sms_1427,Ok...,0
sms_1428,THING R GOOD THANX GOT EXAMS IN MARCH IVE DONE NO REVISION? IS FRAN STILL WITH BOYF? IVE GOTTA INTERVIW 4 EXETER BIT WORRIED!x,0
sms_1429,"Tell you what, if you make a little spreadsheet and track whose idea it was to smoke to determine who ""smokes too much"" for the entire month of february, I'll come up",0
sms_1430,For sale - arsenal dartboard. Good condition but no doubles or trebles!,1
sms_1431,Don't look back at the building because you have no coat and i don't want you to get more sick. Just hurry home and wear a coat to the gym!!!,0
sms_1433,Thanks for ve lovely wisheds. You rock,0
sms_1435,I asked sen to come chennai and search for job.,0
sms_1437,"I jus hope its true that  missin me cos i'm really missin him! You haven't done anything to feel guilty about, yet.",0
sms_1439,"Arms fine, how's Cardiff and uni?",0
sms_1440,In fact when do you leave? I think addie goes back to school tues or wed,0
sms_1441,"Cool breeze... Bright sun... Fresh flower... Twittering birds... All these waiting to wish u: ""GOODMORNING &amp; HAVE A NICE DAY"" :)",0
sms_1442,Ya:)going for restaurant..,0
sms_1443,"Its ok., i just askd did u knw tht no?",0
sms_1444,Free 1st week entry 2 TEXTPOD 4 a chance 2 win 40GB iPod or £250 cash every wk. Txt POD to 84128 Ts&Cs www.textpod.net custcare 08712405020.,1
sms_1446,I am in a marriage function,0
sms_1447,Looks like u wil b getting a headstart im leaving here bout 2.30ish but if u r desperate for my company I could head in earlier-we were goin to meet in rummer.,0
sms_1448,Don‘t give a flying monkeys wot they think and I certainly don‘t mind. Any friend of mine and all that!,0
sms_1449,As a registered optin subscriber ur draw 4 £100 gift voucher will be entered on receipt of a correct ans to 80062 Whats No1 in the BBC charts,1
sms_1451,Msg me when rajini comes.,0
sms_1453,"That's good, because I need drugs",0
sms_1454,Stupid.its not possible,0
sms_1455,Can ü all decide faster cos my sis going home liao..,0
sms_1456,Summers finally here! Fancy a chat or flirt with sexy singles in yr area? To get MATCHED up just reply SUMMER now. Free 2 Join. OptOut txt STOP Help08714742804,1
sms_1457,U sleeping now.. Or you going to take? Haha.. I got spys wat.. Me online checking n replying mails lor..,0
sms_1459,"Fighting with the world is easy, u either win or lose bt fightng with some1 who is close to u is dificult if u lose - u lose if u win - u still lose.",0
sms_1462,Kinda. First one gets in at twelve! Aah. Speak tomo,0
sms_1465,Wat makes u thk i'll fall down. But actually i thk i'm quite prone 2 falls. Lucky my dad at home i ask him come n fetch me already.,0
sms_1466,"YOU 07801543489 are guaranteed the latests Nokia Phone, a 40GB iPod MP3 player or a £500 prize! Txt word:COLLECT to No:83355! TC-LLC NY-USA 150p/Mt msgrcvd18+",1
sms_1467,Your account has been refilled successfully by INR  &lt;DECIMAL&gt; . Your KeralaCircle prepaid account balance is Rs  &lt;DECIMAL&gt; . Your Transaction ID is KR &lt;#&gt; .,0
sms_1468,I wont touch you with out your permission.,0
sms_1469,Hi its LUCY Hubby at meetins all day Fri & I will B alone at hotel U fancy cumin over? Pls leave msg 2day 09099726395 Lucy x Calls£1/minMobsmoreLKPOBOX177HP51FL,1
sms_1471,Take some small dose tablet for fever,0
sms_1472,Oh. U must have taken your REAL Valentine out shopping first.,0
sms_1473,"Just sent you an email – to an address with incomm in it, is that right?",0
sms_1474,"Will do, you gonna be at blake's all night? I might be able to get out of here a little early",0
sms_1477,I'm watching lotr w my sis dis aft. So u wan 2 meet me 4 dinner at nite a not?,0
sms_1478,Why you keeping me away like this,0
sms_1480,My trip was ok but quite tiring lor. Uni starts today but it's ok 4 me cos i'm not taking any modules but jus concentrating on my final yr project.,0
sms_1481,Have you always been saying welp?,0
sms_1483,Ok...,0
sms_1484,Purity of friendship between two is not about smiling after reading the forwarded message..Its about smiling just by seeing the name. Gud evng musthu,0
sms_1485,"Sorry, I'll call later",0
sms_1486,"(I should add that I don't really care and if you can't I can at least get this dude to fuck off but hey, your money if you want it)",0
sms_1488,I told your number to gautham..,0
sms_1490,Ok i juz receive..,0
sms_1491,"Cant believe i said so many things to you this morning when all i really wanted to say was good morning, i love you! Have a beautiful morning. See you in the library later.",0
sms_1493,In the end she might still vomit but its okay. Not everything will come out.,0
sms_1494,How are you with moneY...as in to you...money aint a thing....how are you sha!,0
sms_1496,Hey gals.. Anyone of u going down to e driving centre tmr?,0
sms_1498,I'm putting it on now. It should be ready for  &lt;TIME&gt;,0
sms_1499,"Time n Smile r the two crucial things in our life. Sometimes time makes us to forget smile, and sometimes someone's smile makes us to forget time gud noon",0
sms_1500,"SMS. ac JSco: Energy is high, but u may not know where 2channel it. 2day ur leadership skills r strong. Psychic? Reply ANS w/question. End? Reply END JSCO",1
sms_1501,Host-based IDPS for linux systems.,0
sms_1502,"HOT LIVE FANTASIES call now 08707509020 Just 20p per min NTT Ltd, PO Box 1327 Croydon CR9 5WB 0870 is a national rate call",1
sms_1504,Ill be there on  &lt;#&gt;  ok.,0
sms_1505,Oh my God. I'm almost home,0
sms_1506,Total video converter free download type this in google search:),0
sms_1507,Thanks for the Vote. Now sing along with the stars with Karaoke on your mobile. For a FREE link just reply with SING now.,1
sms_1509,Sounds like something that someone testing me would sayy,0
sms_1512,Oops sorry. Just to check that you don't mind picking me up tomo at half eight from station. Would that be ok?,0
sms_1513,"Hey sweet, I was wondering when you had a moment if you might come to me ? I want to send a file to someone but it won't go over yahoo for them because their connection sucks, remember when you set up that page for me to go to and download the format disc ? Could you tell me how to do that ? Or do you know some other way to download big files ? Because they can download stuff directly from the internet. Any help would be great, my prey ... *teasing kiss*",0
sms_1515,K:)all the best:)congrats...,0
sms_1516,I wonder if you'll get this text?,0
sms_1517,I need to come home and give you some good lovin...,0
sms_1518,Our brand new mobile music service is now live. The free music player will arrive shortly. Just install on your phone to browse content from the top artists.,1
sms_1520,Check wid corect speling i.e. Sarcasm,0
sms_1523,I thk u dun haf 2 hint in e forum already lor... Cos i told ron n darren is going 2 tell shuhui.,0
sms_1525,Hi:)cts employee how are you?,0
sms_1526,Pls pls find out from aunt nike.,0
sms_1530,Should I have picked up a receipt or something earlier,0
sms_1532,Oh dang! I didn't mean o send that to you! Lol!,0
sms_1533,Unfortunately i've just found out that we have to pick my sister up from the airport that evening so don't think i'll be going out at all. We should try to go out one of th,0
sms_1534,Horrible bf... I now v hungry...,0
sms_1536,You have won a Nokia 7250i. This is what you get when you win our FREE auction. To take part send Nokia to 86021 now. HG/Suite342/2Lands Row/W1JHL 16+,1
sms_1538,All sounds good. Fingers . Makes it difficult to type,0
sms_1539,Midnight at the earliest,0
sms_1545,After completed degree. There is no use in joining finance.,0
sms_1547,Shant disturb u anymore... Jia you...,0
sms_1548,Bishan lar nearer... No need buy so early cos if buy now i gotta park my car...,0
sms_1550,Dude sux for snake. He got old and raiden got buff,0
sms_1551,He says hi and to get your ass back to south tampa (preferably at a kegger),0
sms_1552,In e msg jus now. U said thanks for gift.,0
sms_1554,Ok how you dear. Did you call chechi,0
sms_1557,Good sleep is about rhythm. The person has to establish a rhythm that the body will learn and use. If you want to know more :-),0
sms_1558,Wat r u doing?,0
sms_1560,"Single line with a big meaning::::: ""Miss anything 4 ur ""Best Life"" but, don't miss ur best life for anything... Gud nyt...",0
sms_1561,"Just got some gas money, any chance you and the gang want to go on a grand nature adventure?",0
sms_1563,Dude just saw a parked car with its sunroof popped up. Sux,0
sms_1564,Get ready to put on your excellent sub face :),0
sms_1566,"The  &lt;#&gt; g that i saw a few days ago, the guy wants sell wifi only for  &lt;#&gt;  and with 3g for  &lt;#&gt; . That's why i blanked him.",0
sms_1569,Today is ACCEPT DAY..U Accept me as? Brother Sister Lover Dear1 Best1 Clos1 Lvblefrnd Jstfrnd Cutefrnd Lifpartnr Belovd Swtheart Bstfrnd No rply means enemy,0
sms_1572,Near kalainar tv office.thenampet,0
sms_1574,SMS AUCTION - A BRAND NEW Nokia 7250 is up 4 auction today! Auction is FREE 2 join & take part! Txt NOKIA to 86021 now! HG/Suite342/2Lands Row/W1J6HL,1
sms_1576,"Sounds gd... Haha... Can... Wah, u yan jiu so fast liao...",0
sms_1577,No. To be nosy I guess. Idk am I over reacting if I'm freaked?,0
sms_1580,"Why is that, princess? I bet the brothas are all chasing you!",0
sms_1585,"Sorry, I'll call later",0
sms_1586,I was wondering if it would be okay for you to call uncle john and let him know that things are not the same in nigeria as they r here. That  &lt;#&gt;  dollars is 2years sent and that you know its a strain but i plan to pay back every dime he gives. Every dime so for me to expect anything from you is not practical. Something like that.,0
sms_1589,At 4. Let's go to bill millers,0
sms_1590,I love you. You set my soul on fire. It is not just a spark. But it is a flame. A big rawring flame. XoXo,0
sms_1592,That's my honeymoon outfit. :),0
sms_1594,PRIVATE! Your 2003 Account Statement for shows 800 un-redeemed S. I. M. points. Call 08719899230 Identifier Code: 41685 Expires 07/11/04,1
sms_1596,Pls confirm the time to collect the cheque.,0
sms_1597,As a Registered Subscriber yr draw 4 a £100 gift voucher will b entered on receipt of a correct ans. When are the next olympics. Txt ans to 80062,1
sms_1598,URGENT! Your Mobile number has been awarded with a £2000 prize GUARANTEED. Call 09061790121 from land line. Claim 3030. Valid 12hrs only 150ppm,1
sms_1599,Daddy will take good care of you :),0
sms_1600,"Yeah probably, I still gotta check out with leo",0
sms_1602,Carlos is taking his sweet time as usual so let me know when you and patty are done/want to smoke and I'll tell him to haul ass,0
sms_1603,Ok pa. Nothing problem:-),0
sms_1604,Have you heard about that job? I'm going to that wildlife talk again tonight if u want2come. Its that2worzels and a wizzle or whatever it is?!,0
sms_1606,When you came to hostel.,0
sms_1608,Jus telling u dat i'll b leaving 4 shanghai on 21st instead so we'll haf more time 2 meet up cya...,0
sms_1609,Are your freezing ? Are you home yet ? Will you remember to kiss your mom in the morning? Do you love me ? Do you think of me ? Are you missing me yet ?,0
sms_1610,You all ready for * big day tomorrow?,0
sms_1611,I'll probably be around mu a lot,0
sms_1612,645,0
sms_1613,RT-KIng Pro Video Club>> Need help? info@ringtoneking.co.uk or call 08701237397 You must be 16+ Club credits redeemable at www.ringtoneking.co.uk! Enjoy!,1
sms_1614,Thnx dude. u guys out 2nite?,0
sms_1616,Mm i had my food da from out,0
sms_1617,"K, makes sense, btw carlos is being difficult so you guys are gonna smoke while I go pick up the second batch and get gas",0
sms_1618,Did u download the fring app?,0
sms_1623,U have a secret admirer who is looking 2 make contact with U-find out who they R*reveal who thinks UR so special-call on 09058094599,1
sms_1625,500 free text msgs. Just text ok to 80488 and we'll credit your account,1
sms_1626,Hi Dear Call me its urgnt. I don't know whats your problem. You don't want to work or if you have any other problem at least tell me. Wating for your reply.,0
sms_1627,Dear how you. Are you ok?,0
sms_1628,"You have been selected to stay in 1 of 250 top British hotels - FOR NOTHING! Holiday Worth £350! To Claim, Call London 02072069400. Bx 526, SW73SS",1
sms_1629,Yes princess! I want to make you happy...,0
sms_1632,We not watching movie already. Xy wants 2 shop so i'm shopping w her now.,0
sms_1634,Yesterday its with me only . Now am going home.,0
sms_1636,"You have come into my life and brought the sun ..Shiny down on me, warming my heart. Putting a constant smile on my face ... Making me feel loved and cared for",0
sms_1637,"No shit, but I wasn't that surprised, so I went and spent the evening with that french guy I met in town here and we fooled around a bit but I didn't let him fuck me",0
sms_1638,"0A$NETWORKS allow companies to bill for SMS, so they are responsible for their ""suppliers"", just as a shop has to give a guarantee on what they sell. B. G.",1
sms_1641,"Alright, we're all set here, text the man",0
sms_1642,"Hi , where are you? We're at  and they're not keen to go out i kind of am but feel i shouldn't so can we go out tomo, don't mind do you?",0
sms_1643,Sleeping nt feeling well,0
sms_1644,U WILL SWITCH YOUR FONE ON DAMMIT!!,0
sms_1645,India have to take lead:),0
sms_1648,"Evening * v good if somewhat event laden. Will fill you in, don't you worry … Head * ok but throat * wrecked. See you at six then!",0
sms_1650,ITS A LAPTOP TAKE IT WITH YOU.,0
sms_1651,I dont have any of your file in my bag..i was in work when you called me.i 'll tell you if i find anything in my room.,0
sms_1653,"For ur chance to win a £250 cash every wk TXT: ACTION to 80608. T's&C's www.movietrivia.tv custcare 08712405022, 1x150p/wk",1
sms_1654,I was at bugis juz now wat... But now i'm walking home oredi... Ü so late then reply... I oso saw a top dat i like but din buy... Where r ü now?,0
sms_1657,Yes I posted a couple of pics on fb. There's still snow outside too. I'm just waking up :),0
sms_1659,RGENT! This is the 2nd attempt to contact U!U have WON £1250 CALL 09071512433 b4 050703 T&CsBCM4235WC1N3XX. callcost 150ppm mobilesvary. max£7. 50,1
sms_1660,"Yeah, where's your class at?",0
sms_1663,Hi if ur lookin 4 saucy daytime fun wiv busty married woman Am free all next week Chat now 2 sort time 09099726429 JANINExx Calls£1/minMobsmoreLKPOBOX177HP51FL,1
sms_1665,Ü v ma fan...,0
sms_1667,Guess who spent all last night phasing in and out of the fourth dimension,0
sms_1668,So now my dad is gonna call after he gets out of work and ask all these crazy questions.,0
sms_1670,"Very hurting n meaningful lines ever: ""I compromised everything for my love, But at d end my love compromised me for everything:-("".. Gud mornin:-)",0
sms_1673,URGENT! We are trying to contact U. Todays draw shows that you have won a £800 prize GUARANTEED. Call 09050001295 from land line. Claim A21. Valid 12hrs only,1
sms_1677,"Yeah, that's fine! It's £6 to get in, is that ok?",0
sms_1679,"So many people seems to be special at first sight, But only very few will remain special to you till your last sight.. Maintain them till life ends.. Sh!jas",0
sms_1681,Okay... We wait ah,0
sms_1682,Y lei?,0
sms_1683,HI BABE U R MOST LIKELY TO BE IN BED BUT IM SO SORRY ABOUT TONIGHT! I REALLY WANNA SEE U TOMORROW SO CALL ME AT 9. LOVE ME XXX,0
sms_1684,Already am squatting is the new way of walking,0
sms_1685,Do you want bold 2 or bb torch,0
sms_1689,Nan sonathaya soladha. Why boss?,0
sms_1690,Bring tat cd don forget,0
sms_1692,I don't know but I'm raping dudes at poker,0
sms_1693,Weightloss! No more girl friends. Make loads of money on ebay or something. And give thanks to God.,0
sms_1694,Was gr8 to see that message. So when r u leaving? Congrats dear. What school and wat r ur plans.,0
sms_1695,Ü eatin later but i'm eatin wif my frens now lei... Ü going home first?,0
sms_1696,Finish already... Yar they keep saying i mushy... I so embarrassed ok...,0
sms_1698,Hai priya are you right. What doctor said pa. Where are you.,0
sms_1700,Ok...,0
sms_1701,Please ask mummy to call father,0
sms_1703,I have lost 10 kilos as of today!,0
sms_1704,Just taste fish curry :-P,0
sms_1707,Yes! I am a one woman man! Please tell me your likes and dislikes in bed...,0
sms_1708,Was doing my test earlier. I appreciate you. Will call you tomorrow.,0
sms_1709,"How's my loverboy doing ? What does he do that keeps him from coming to his Queen, hmmm ? Doesn't he ache to speak to me ? Miss me desparately ?",0
sms_1710,U meet other fren dun wan meet me ah... Muz b a guy rite...,0
sms_1711,"(No promises on when though, haven't even gotten dinner yet)",0
sms_1713,o turns out i had stereo love on mi phone under the unknown album.,0
sms_1714,Hard LIVE 121 chat just 60p/min. Choose your girl and connect LIVE. Call 09094646899 now! Cheap Chat UK's biggest live service. VU BCM1896WC1N3XX,1
sms_1715,Yeah I don't see why not,0
sms_1716,Asking do u knw them or nt? May be ur frnds or classmates?,0
sms_1717,"Sorry about earlier. Putting out fires.Are you around to talk after 9? Or do you actually have a life, lol!",0
sms_1718,WOW! The Boys R Back. TAKE THAT 2007 UK Tour. Win VIP Tickets & pre-book with VIP Club. Txt CLUB to 81303. Trackmarque Ltd info@vipclub4u.,1
sms_1721,"Fighting with the world is easy, u either win or lose bt fightng with some1 who is close to u is dificult if u lose - u lose if u win - u still lose.",0
sms_1722,Am watching house – very entertaining – am getting the whole hugh laurie thing – even with the stick – indeed especially with the stick.,0
sms_1724,"Hi Jon, Pete here, Ive bin 2 Spain recently & hav sum dinero left, Bill said u or ur rents mayb interested in it, I hav 12,000pes, so around £48, tb, James.",0
sms_1725,There bold 2  &lt;#&gt; . Is that yours,0
sms_1726,You know there is. I shall speak to you in  &lt;#&gt;  minutes then,0
sms_1729,As per your request 'Maangalyam (Alaipayuthe)' has been set as your callertune for all Callers. Press *9 to copy your friends Callertune,0
sms_1730,Lol yeah at this point I guess not,0
sms_1731,Doing project w frens lor.,0
sms_1732,Lol. Well quality aint bad at all so i aint complaining,0
sms_1733,"K, can that happen tonight?",0
sms_1735,"I think we're going to finn's now, come",0
sms_1736,Why tired what special there you had,0
sms_1738,I cant pick the phone right now. Pls send a message,0
sms_1740,U guys never invite me anywhere :(,0
sms_1742,I can do that! I want to please you both inside and outside the bedroom...,0
sms_1743,EY! CALM DOWNON THEACUSATIONS.. ITXT U COS IWANA KNOW WOTU R DOIN AT THEW/END... HAVENTCN U IN AGES..RING ME IF UR UP4 NETHING SAT.LOVE J XXX.,0
sms_1746,"Im cool ta luv but v.tired 2 cause i have been doin loads of planning all wk, we have got our social services inspection at the nursery! Take care & spk sn x.",0
sms_1747,I don know account details..i will ask my mom and send you.my mom is out of reach now.,0
sms_1749,Feel Yourself That You Are Always Happy.. Slowly It Becomes Your Habit &amp; Finally It Becomes Part Of Your Life.. Follow It.. Happy Morning &amp; Have A Happy Day:),0
sms_1750,DO NOT B LATE LOVE MUM,0
sms_1753,Give one miss from that number please,0
sms_1755,How is your schedule next week? I am out of town this weekend.,0
sms_1756,Really good:)dhanush rocks once again:),0
sms_1759,Sorry i'm not free...,0
sms_1760,Do u ever get a song stuck in your head for no reason and it won't go away til u listen to it like 5 times?,0
sms_1761,Nt yet chikku..simple habba..hw abt u?,0
sms_1763,Sometimes Heart Remembrs someone Very much... Forgets someone soon... Bcoz Heart will not like everyone. But liked ones will be Remembered Everytime... BSLVYL,0
sms_1764,Joy's father is John. Then John is the NAME of Joy's father. Mandan,0
sms_1766,Hi this is yijue... It's regarding the 3230 textbook it's intro to algorithms second edition... I'm selling it for $50...,0
sms_1769,How. Its a little difficult but its a simple way to enter this place,0
sms_1772,Watching tv now. I got new job :),0
sms_1773,"Good afternoon sexy buns! How goes the job search ? I wake and you are my first thought as always, my love. I wish your fine and happy and know I adore you!",0
sms_1774,"I'm not coming over, do whatever you want",0
sms_1775,"Its ok chikku, and its my 1 of favourite song..:-)",0
sms_1776,Did u see what I posted on your Facebook?,0
sms_1777,Call FREEPHONE 0800 542 0578 now!,1
sms_1778,Buy Space Invaders 4 a chance 2 win orig Arcade Game console. Press 0 for Games Arcade (std WAP charge) See o2.co.uk/games 4 Terms + settings. No purchase,1
sms_1782,";-( oh well, c u later",0
sms_1783,My uncles in Atlanta. Wish you guys a great semester.,0
sms_1784,No dear i do have free messages without any recharge. Hi hi hi,0
sms_1787,"Do you know why god created gap between your fingers..? So that, One who is made for you comes &amp; fills those gaps by holding your hand with LOVE..!",0
sms_1788,Yes:)sura in sun tv.:)lol.,0
sms_1790,Takin a shower now but yeah I'll leave when I'm done,0
sms_1791,Am not working but am up to eyes in philosophy so will text u later when a bit more free for chat...,0
sms_1793,"WIN: We have a winner! Mr. T. Foley won an iPod! More exciting prizes soon, so keep an eye on ur mobile or visit www.win-82050.co.uk",1
sms_1795,How much i gave to you. Morning.,0
sms_1797,"Hey, can you tell me blake's address? Carlos wanted me to meet him there but I got lost and he's not answering his phone",0
sms_1799,That one week leave i put know that time. Why.,0
sms_1800,"If we hit it off, you can move in with me :)",0
sms_1804,I'm in class. Did you get my text.,0
sms_1805,The bus leaves at  &lt;#&gt;,0
sms_1806,God bless.get good sleep my dear...i will pray!,0
sms_1807,Todays Voda numbers ending 1225 are selected to receive a £50award. If you have a match please call 08712300220 quoting claim code 3100 standard rates app,1
sms_1810,"Aight, I'll ask a few of my roommates",0
sms_1812,Do ü all wan 2 meet up n combine all the parts? How's da rest of da project going?,0
sms_1815,HI ITS JESS I DONT KNOW IF YOU ARE AT WORK BUT CALL ME WHEN U CAN IM AT HOME ALL EVE. XXX,0
sms_1817,Are you going to write ccna exam this week??,0
sms_1818,Well i will watch shrek in 3D!!B),0
sms_1819,Am i that much dirty fellow?,0
sms_1820,Dunno dat's wat he told me. Ok lor...,0
sms_1821,I'll probably be by tomorrow (or even later tonight if something's going on),0
sms_1822,I couldn't say no as he is a dying man and I feel sad for him so I will go and I just wanted you to know I would probably be gone late into your night,0
sms_1823,If you're thinking of lifting me one then no.,0
sms_1824,Same as u... Dun wan... Y u dun like me already ah... Wat u doing now? Still eating?,0
sms_1825,Sent me ur email id soon,0
sms_1826,Wat makes some people dearer is not just de happiness dat u feel when u meet them but de pain u feel when u miss dem!!!,0
sms_1827,"Dude. What's up. How Teresa. Hope you have been okay. When i didnt hear from these people, i called them and they had received the package since dec  &lt;#&gt; . Just thot you'ld like to know. Do have a fantastic year and all the best with your reading. Plus if you can really really Bam first aid for Usmle, then your work is done.",0
sms_1829,May i call You later Pls,0
sms_1830,"Hottest pics straight to your phone!! See me getting Wet and Wanting, just for you xx Text PICS to 89555 now! txt costs 150p textoperator g696ga 18 XxX",1
sms_1831,That's the way you should stay oh.,0
sms_1833,What time is ur flight tmr?,0
sms_1834,When should I come over?,0
sms_1836,* Will be september by then!,0
sms_1837,Are you wet right now?,0
sms_1839,"Hack Chat. Get backdoor entry into 121 chat rooms at a fraction of the cost. Reply NEO69 or call 09050280520, to subscribe 25p pm. DPS, Bcm box 8027 Ldn, wc1n3xx",1
sms_1840,Are we doing the norm tomorrow? I finish just a 4.15 cos of st tests. Need to sort library stuff out at some point tomo - got letter from today - access til end march so i better get move on!,0
sms_1842,I am in your office na.,0
sms_1843,Are you comingdown later?,0
sms_1844,Super da:)good replacement for murali,0
sms_1845,Da is good good player.why he is unsold.,0
sms_1848,"FREE NOKIA Or Motorola with upto 12mths 1/2price linerental, 500 FREE x-net mins&100txt/mth FREE B'tooth*. Call Mobileupd8 on 08001950382 or call 2optout/D3WV",1
sms_1849,I dont want to hear philosophy. Just say what happen,0
sms_1851,Then cant get da laptop? My matric card wif ü lei...,0
sms_1852,Dunno da next show aft 6 is 850. Toa payoh got 650.,0
sms_1853,"This is the 2nd time we have tried 2 contact u. U have won the 750 Pound prize. 2 claim is easy, call 08718726970 NOW! Only 10p per min. BT-national-rate",1
sms_1854,I just made some payments so dont have that much. Sorry. Would you want it fedex or the other way.,0
sms_1855,They did't play one day last year know even though they have very good team.. Like india.,0
sms_1856,K.:)you are the only girl waiting in reception ah?,0
sms_1858,I hate when she does this. She turns what should be a fun shopping trip into an annoying day of how everything would look in her house.,0
sms_1861,"It could work, we'll reach a consensus at the next meeting",0
sms_1862,Aiyah then i wait lor. Then u entertain me. Hee...,0
sms_1864,I'll let you know when it kicks in,0
sms_1866,Call to the number which is available in appointment. And ask to connect the call to waheed fathima.,0
sms_1868,Mmmm ... Fuck ... Not fair ! You know my weaknesses ! *grins* *pushes you to your knee's* *exposes my belly and pulls your head to it* Don't forget ... I know yours too *wicked smile*,0
sms_1871,"Aight, I'll text you when I'm back",0
sms_1874,You have WON a guaranteed £1000 cash or a £2000 prize.To claim yr prize call our customer service representative on,1
sms_1875,Would you like to see my XXX pics they are so hot they were nearly banned in the uk!,1
sms_1876,HMV BONUS SPECIAL 500 pounds of genuine HMV vouchers to be won. Just answer 4 easy questions. Play Now! Send HMV to 86688 More info:www.100percent-real.com,1
sms_1877,Watching tv now. I got new job :),0
sms_1880,U have a secret admirer who is looking 2 make contact with U-find out who they R*reveal who thinks UR so special-call on 09058094594,1
sms_1881,Just seeing your missed call my dear brother. Do have a gr8 day.,0
sms_1882,Ok.. Ü finishing soon?,0
sms_1883,"Sorry, I can't help you on this.",0
sms_1884,"Come to me, slave. Your doing it again ... Going into your shell and unconsciously avoiding me ... You are making me unhappy :-(",0
sms_1886,I think asking for a gym is the excuse for lazy people. I jog.,0
sms_1887,Dear 0776xxxxxxx U've been invited to XCHAT. This is our final attempt to contact u! Txt CHAT to 86688 150p/MsgrcvdHG/Suite342/2Lands/Row/W1J6HL LDN 18yrs,1
sms_1888,Urgent! Please call 09061743811 from landline. Your ABTA complimentary 4* Tenerife Holiday or £5000 cash await collection SAE T&Cs Box 326 CW25WX 150ppm,1
sms_1889,No. On the way home. So if not for the long dry spell the season would have been over,0
sms_1890,I gotta collect da car at 6 lei.,0
sms_1892,Probably earlier than that if the station's where I think it is,0
sms_1894,Good Morning plz call me sir,0
sms_1895,"FreeMsg Hey U, i just got 1 of these video/pic fones, reply WILD to this txt & ill send U my pics, hurry up Im so bored at work xxx (18 150p/rcvd STOP2stop)",1
sms_1896,"Uh, heads up we don't have THAT much left",0
sms_1897,I tot u outside cos darren say u come shopping. Of course we nice wat. We jus went sim lim look at mp3 player.,0
sms_1898,"Aight, sounds good. When do you want me to come down?",0
sms_1900,I love working from home :),0
sms_1902,"Sorry, I'll call later",0
sms_1903,My sister got placed in birla soft da:-),0
sms_1904,Free entry in 2 a weekly comp for a chance to win an ipod. Txt POD to 80182 to get entry (std txt rate) T&C's apply 08452810073 for details 18+,1
sms_1906,"There're some people by mu, I'm at the table by lambda",0
sms_1907,And stop being an old man. You get to build snowman snow angels and snowball fights.,0
sms_1908,ELLO BABE U OK?,0
sms_1910,Then u going ikea str aft dat?,0
sms_1912,Lol grr my mom is taking forever with my prescription. Pharmacy is like 2 minutes away. Ugh.,0
sms_1913,For real tho this sucks. I can't even cook my whole electricity is out. And I'm hungry.,0
sms_1914,You want to go?,0
sms_1915,New TEXTBUDDY Chat 2 horny guys in ur area 4 just 25p Free 2 receive Search postcode or at gaytextbuddy.com. TXT ONE name to 89693. 08715500022 rpl Stop 2 cnl,1
sms_1916,Its not that time of the month nor mid of the time?,0
sms_1918,We not leaving yet. Ok lor then we go elsewhere n eat. U thk...,0
sms_1922,No current and food here. I am alone also,0
sms_1924,Hello. They are going to the village pub at 8 so either come here or there accordingly. Ok?,0
sms_1926,We don call like  &lt;#&gt;  times oh. No give us hypertension oh.,0
sms_1927,"Dont give a monkeys wot they think and i certainly don't mind. Any friend of mine&all that! Just don't sleep wiv , that wud be annoyin!",0
sms_1928,Omg it could snow here tonite!,0
sms_1929,Call from 08702490080 - tells u 2 call 09066358152 to claim £5000 prize. U have 2 enter all ur mobile & personal details @ the prompts. Careful!,1
sms_1930,Free 1st week entry 2 TEXTPOD 4 a chance 2 win 40GB iPod or £250 cash every wk. Txt VPOD to 81303 Ts&Cs www.textpod.net custcare 08712405020.,1
sms_1931,Carry on not disturbing both of you,0
sms_1933,Jus finished avatar nigro,0
sms_1934,R u over scratching it?,0
sms_1935,Hope you are having a great day.,0
sms_1938,"The fact that you're cleaning shows you know why i'm upset. Your priority is constantly ""what i want to do,"" not ""what i need to do.""",0
sms_1941,Dude avatar 3d was imp. At one point i thought there were actually flies in the room and almost tried hittng one as a reflex,0
sms_1943,K...k:)why cant you come here and search job:),0
sms_1949,I cant pick the phone right now. Pls send a message,0
sms_1951,Oh ic. I thought you meant mary jane.,0
sms_1953,Nah im goin 2 the wrks with j wot bout u?,0
sms_1955,Good night. Am going to sleep.,0
sms_1957,K...k:)why cant you come here and search job:),0
sms_1958,Take something for pain. If it moves however to any side in the next 6hrs see a doctor.,0
sms_1959,"Lol ... Oh no babe, I wont be sliding into your place after midnight, but thanks for the invite",0
sms_1960,Howz that persons story,0
sms_1961,Guess what! Somebody you know secretly fancies you! Wanna find out who it is? Give us a call on 09065394973 from Landline DATEBox1282EssexCM61XN 150p/min 18,1
sms_1962,LOL that would be awesome payback.,0
sms_1963,it to 80488. Your 500 free text messages are valid until 31 December 2005.,1
sms_1965,"Honeybee Said: *I'm d Sweetest in d World* God Laughed &amp; Said: *Wait,U Havnt Met d Person Reading This Msg* MORAL: Even GOD Can Crack Jokes! GM+GN+GE+GN:)",0
sms_1968,Even i cant close my eyes you are in me our vava playing umma :-D,0
sms_1971,Nvm it's ok...,0
sms_1972,Enjoy ur life. . Good night,0
sms_1973,Yes but can we meet in town cos will go to gep and then home. You could text at bus stop. And don't worry we'll have finished by march … ish!,0
sms_1974,I had askd u a question some hours before. Its answer,0
sms_1975,Thats cool. Where should i cum? On you or in you? :),0
sms_1976,Delhi and chennai still silent.,0
sms_1979,No I'm in the same boat. Still here at my moms. Check me out on yo. I'm half naked.,0
sms_1981,"Sorry, I'll call later",0
sms_1982,"Sorry, I'll call later in meeting any thing related to trade please call Arul. &lt;#&gt;",0
sms_1986,The length is e same but e top shorter n i got a fringe now. I thk i'm not going liao. Too lazy. Dun wan 2 distract u also.,0
sms_1987,S..antha num corrct dane,0
sms_1989,"Sorry, I'll call later",0
sms_1990,The basket's gettin full so I might be by tonight,0
sms_1991,HI DARLIN IVE JUST GOT BACK AND I HAD A REALLY NICE NIGHT AND THANKS SO MUCH FOR THE LIFT SEE U TOMORROW XXX,0
sms_1992,No other Valentines huh? The proof is on your fb page. Ugh I'm so glad I really DIDN'T watch your rupaul show you TOOL!,0
sms_1993,Free tones Hope you enjoyed your new content. text stop to 61610 to unsubscribe. help:08712400602450p Provided by tones2you.co.uk,1
sms_1994,Eh den sat u book e kb liao huh...,0
sms_1998,"YEH I AM DEF UP4 SOMETHING SAT,JUST GOT PAYED2DAY & I HAVBEEN GIVEN A£50 PAY RISE 4MY WORK & HAVEBEEN MADE PRESCHOOLCO-ORDINATOR 2I AM FEELINGOOD LUV",0
sms_2003,TheMob>Yo yo yo-Here comes a new selection of hot downloads for our members to get for FREE! Just click & open the next link sent to ur fone...,1
sms_2004,S....s...india going to draw the series after many years in south african soil..,0
sms_2005,"Goodmorning, today i am late for  &lt;DECIMAL&gt; min.",0
sms_2006,Can't take any major roles in community outreach. You rock mel,0
sms_2007,Shopping lor. Them raining mah hard 2 leave orchard.,0
sms_2008,Hi here. have birth at on the  to  at 8lb 7oz. Mother and baby doing brilliantly.,0
sms_2009,See the forwarding message for proof,0
sms_2012,"Do whatever you want. You know what the rules are. We had a talk earlier this week about what had to start happening, you showing responsibility. Yet, every week it's can i bend the rule this way? What about that way? Do whatever. I'm tired of having thia same argument with you every week. And a  &lt;#&gt;  movie DOESNT inlude the previews. You're still getting in after 1.",0
sms_2013,"Beautiful Truth against Gravity.. Read carefully: ""Our heart feels light when someone is in it.. But it feels very heavy when someone leaves it.."" GOODMORNING",0
sms_2014,Great News! Call FREEFONE 08006344447 to claim your guaranteed £1000 CASH or £2000 gift. Speak to a live operator NOW!,1
sms_2016,Just re read it and I have no shame but tell me how he takes it and if he runs I will blame u 4 ever!! Not really 4 ever just a long time,0
sms_2021,Anything lor but toa payoh got place 2 walk meh...,0
sms_2022,"I don't have anybody's number, I still haven't thought up a tactful way to ask alex",0
sms_2024,Is there any movie theatre i can go to and watch unlimited movies and just pay once?,0
sms_2025,U having lunch alone? I now so bored...,0
sms_2026,"Yes obviously, but you are the eggs-pert and the potato head… Speak soon!",0
sms_2027,"Nah man, my car is meant to be crammed full of people",0
sms_2029,Kallis is ready for bat in 2nd innings,0
sms_2031,"Ugh y can't u just apologize, admit u were wrong and ask me to take u back?",0
sms_2032,"I noe la... U wana pei bf oso rite... K lor, other days den...",0
sms_2033,"Yes, i'm small kid.. And boost is the secret of my energy..",0
sms_2035,Is avatar supposed to have subtoitles,0
sms_2037,You can jot down things you want to remember later.,0
sms_2038,Oh sorry please its over,0
sms_2039,Hey are we going for the lo lesson or gym?,0
sms_2040,"Dont pack what you can buy at any store.like cereals. If you must pack food, pack gari or something 9ja that you will miss.",0
sms_2043,"Me not waking up until 4 in the afternoon, sup",0
sms_2044,4mths half price Orange line rental & latest camera phones 4 FREE. Had your phone 11mths ? Call MobilesDirect free on 08000938767 to update now! or2stoptxt,1
sms_2045,I can send you a pic if you like :),0
sms_2046,Okay... I booked all already... Including the one at bugis.,0
sms_2048,No de. But call me after some time. Ill tell you k,0
sms_2050,How much is blackberry bold2 in nigeria.,0
sms_2052,Hey darlin.. i can pick u up at college if u tell me wen & where 2 mt.. love Pete xx,0
sms_2053,"Call 09094100151 to use ur mins! Calls cast 10p/min (mob vary). Service provided by AOM, just GBP5/month. AOM Box61,M60 1ER until u stop. Ages 18+ only!",1
sms_2055,Y so late but i need to go n get da laptop...,0
sms_2057,.Please charge my mobile when you get up in morning.,0
sms_2059,Ugh fuck it I'm resubbing to eve,0
sms_2061,I did. One slice and one breadstick. Lol,0
sms_2062,"Hey ! I want you ! I crave you ! I miss you ! I need you ! I love you, Ahmad Saeed al Hallaq ...",0
sms_2065,Pass dis to all ur contacts n see wat u get! Red;i'm in luv wid u. Blue;u put a smile on my face. Purple;u r realy hot. Pink;u r so swt. Orange;i thnk i lyk u. Green;i realy wana go out wid u. Yelow;i wnt u bck. Black;i'm jealous of u. Brown;i miss you Nw plz giv me one color,0
sms_2067,Then. You are eldest know.,0
sms_2068,Who's there say hi to our drugdealer,0
sms_2069,Its hard to believe things like this. All can say lie but think twice before saying anything to me.,0
sms_2071,Sexy Singles are waiting for you! Text your AGE followed by your GENDER as wither M or F E.G.23F. For gay men text your AGE followed by a G. e.g.23G.,1
sms_2073,That is wondarfull song,0
sms_2074,"FreeMsg: Claim ur 250 SMS messages-Text OK to 84025 now!Use web2mobile 2 ur mates etc. Join Txt250.com for 1.50p/wk. T&C BOX139, LA32WU. 16 . Remove txtX or stop",1
sms_2078,Hey hun-onbus goin 2 meet him. He wants 2go out 4a meal but I donyt feel like it cuz have 2 get last bus home!But hes sweet latelyxxx,0
sms_2081,Where is it. Is there any opening for mca.,0
sms_2082,I'm aight. Wat's happening on your side.,0
sms_2083,I'm done oredi...,0
sms_2088,"alright babe, justthought id sayhey! how u doin?nearly the endof me wk offdam nevamind!We will have 2Hook up sn if uwant m8? loveJen x.",0
sms_2089,Well done ENGLAND! Get the official poly ringtone or colour flag on yer mobile! text TONE or FLAG to 84199 NOW! Opt-out txt ENG STOP. Box39822 W111WX £1.50,1
sms_2090,"No i'm not. I can't give you everything you want and need. You actually could do better for yourself on yor own--you've got more money than i do. I can't get work, i can't get a man, i can't pay the rent, i can't even fill my fucking gas tank. yes, i'm stressed and depressed. I didn't even call home for thanksgiving cuz i'll have to tell them i,m up to nothing.",0
sms_2091,S:-)kallis wont play in first two odi:-),0
sms_2092,Then get some cash together and I'll text jason,0
sms_2093,"Oh, my love, it's soooo good to hear from you. Omg I missed you so much today. I'm sorry your having problems with the provider but thank you for tming me",0
sms_2094,"Final Chance! Claim ur £150 worth of discount vouchers today! Text YES to 85023 now! SavaMob, member offers mobile! T Cs SavaMob POBOX84, M263UZ. £3.00 Subs 16",1
sms_2097,I'm done...,0
sms_2098,Are you the cutest girl in the world or what,0
sms_2099,"No dice, art class 6 thru 9 :( thanks though. Any idea what time I should come tomorrow?",0
sms_2102,I thk 530 lor. But dunno can get tickets a not. Wat u doing now?,0
sms_2103,Audrie lousy autocorrect,0
sms_2104,Its a site to simulate the test. It just gives you very tough questions to test your readiness.,0
sms_2105,Anyway seriously hit me up when you're back because otherwise I have to light up with armand and he always has shit and/or is vomiting,0
sms_2110,Lara said she can loan me  &lt;#&gt; .,0
sms_2111,Do we have any spare power supplies,0
sms_2112,Yar he quite clever but aft many guesses lor. He got ask me 2 bring but i thk darren not so willing 2 go. Aiya they thk leona still not attach wat.,0
sms_2113,You are a winner you have been specially selected to receive £1000 cash or a £2000 award. Speak to a live operator to claim call 087123002209am-7pm. Cost 10p,1
sms_2114,"Yeah, don't go to bed, I'll be back before midnight",0
sms_2115,"Sunshine Hols. To claim ur med holiday send a stamped self address envelope to Drinks on Us UK, PO Box 113, Bray, Wicklow, Eire. Quiz Starts Saturday! Unsub Stop",1
sms_2116,Well I wasn't available as I washob nobbing with last night so they had to ask Nickey Platt instead of me!;,0
sms_2118,Wish u many many returns of the day.. Happy birthday vikky..,0
sms_2120,I hope you know I'm still mad at you.,0
sms_2122,In xam hall boy asked girl Tell me the starting term for dis answer I can den manage on my own After lot of hesitation n lookin around silently she said THE! intha ponnungale ipaditan;),0
sms_2123,Do you know when the result.,0
sms_2124,+123 Congratulations - in this week's competition draw u have won the £1450 prize to claim just call 09050002311 b4280703. T&Cs/stop SMS 08718727868. Over 18 only 150ppm,1
sms_2128,Tessy..pls do me a favor. Pls convey my birthday wishes to Nimya..pls dnt forget it. Today is her birthday Shijas,0
sms_2130,Mine here like all fr china then so noisy.,0
sms_2131,Later i guess. I needa do mcat study too.,0
sms_2135,If he started searching he will get job in few days.he have great potential and talent.,0
sms_2137,Well done and ! luv ya all,0
sms_2138,Then why you came to hostel.,0
sms_2139,K still are you loving me.,0
sms_2140,But i juz remembered i gotta bathe my dog today..,0
sms_2142,Alright took the morphine. Back in yo.,0
sms_2144,You stayin out of trouble stranger!!saw Dave the other day hes sorted now!still with me bloke when u gona get a girl MR!ur mum still Thinks we will get 2GETHA!,0
sms_2145,FreeMsg: Hey - I'm Buffy. 25 and love to satisfy men. Home alone feeling randy. Reply 2 C my PIX! QlynnBV Help08700621170150p a msg Send stop to stop txts,1
sms_2146,"Sunshine Hols. To claim ur med holiday send a stamped self address envelope to Drinks on Us UK, PO Box 113, Bray, Wicklow, Eire. Quiz Starts Saturday! Unsub Stop",1
sms_2147,So can collect ur laptop?,0
sms_2149,I will once i get home,0
sms_2150,Waaaat?? Lololo ok next time then!,0
sms_2152,I surely dont forgot to come:)i will always be in touch in with you:-),0
sms_2154,I dont have i shall buy one dear,0
sms_2155,Oh god i am happy to see your message after 3 days,0
sms_2156,What year. And how many miles.,0
sms_2157,Hey cutie. How goes it? Here in WALES its kinda ok. There is like hills and shit but i still avent killed myself.,0
sms_2158,"Sad story of a Man - Last week was my b'day. My Wife did'nt wish me. My Parents forgot n so did my Kids . I went to work. Even my Colleagues did not wish. As I entered my cabin my PA said, '' Happy B'day Boss !!''. I felt special. She askd me 4 lunch. After lunch she invited me to her apartment. We went there. She said,'' do u mind if I go into the bedroom for a minute ? '' ''OK'', I sed in a sexy mood. She came out 5 minuts latr wid a cake...n My Wife, My Parents, My Kidz, My Friends n My Colleagues. All screaming.. SURPRISE !! and I was waiting on the sofa.. ... ..... ' NAKED...!",0
sms_2160,FREE for 1st week! No1 Nokia tone 4 ur mob every week just txt NOKIA to 87077 Get txting and tell ur mates. zed POBox 36504 W45WQ norm150p/tone 16+,1
sms_2163,"1) Go to write msg 2) Put on Dictionary mode 3)Cover the screen with hand, 4)Press  &lt;#&gt; . 5)Gently remove Ur hand.. Its interesting..:)",0
sms_2164,hi my darlin im on my way to London and we have just been smashed into by another driver! and have a big dent! im really missing u what have u been up to? xxx,0
sms_2165,"Nothing really, just making sure everybody's up to speed",0
sms_2166,I'm not coming home 4 dinner.,0
sms_2169,Thx. All will be well in a few months,0
sms_2173,Yavnt tried yet and never played original either,0
sms_2174,"Hiya, had a good day? Have you spoken to since the weekend?",0
sms_2175,See? I thought it all through,0
sms_2176,I'm at work. Please call,0
sms_2177,get ready to moan and scream :),0
sms_2178,Oh k :)why you got job then whats up?,0
sms_2179,"I don,t think so. You don't need to be going out that late on a school night. ESPECIALLY when the one class you have is the one you missed last wednesday and probably failed a test in on friday",0
sms_2180,And popping &lt;#&gt; ibuprofens was no help.,0
sms_2182,Ok.,0
sms_2183,PS U no ur a grown up now right?,0
sms_2186,Purity of friendship between two is not about smiling after reading the forwarded message..Its about smiling just by seeing the name. Gud evng,0
sms_2187,So is there anything specific I should be doing with regards to jaklin or what because idk what the fuck,0
sms_2192,Thankyou so much for the call. I appreciate your care.,0
sms_2194,I called but no one pick up e phone. I ask both of them already they said ok.,0
sms_2196,"V-aluable. A-ffectionate. L-oveable. E-ternal. N-oble. T-ruthful. I-ntimate. N-atural. E-namous. Happy ""VALENTINES DAY"" in advance",0
sms_2197,"Not much, just some textin'. How bout you?",0
sms_2202,"A boy was late 2 home. His father: ""POWER OF FRNDSHIP""",0
sms_2203,"(And my man carlos is definitely coming by mu tonight, no excuses)",0
sms_2204,soon you will have the real thing princess! Do i make you wet? :),0
sms_2206,"Haha, my legs and neck are killing me and my amigos are hoping to end the night with a burn, think I could swing by in like an hour?",0
sms_2208,Usually the body takes care of it buy making sure it doesnt progress. Can we pls continue this talk on saturday.,0
sms_2209,"URGENT!! Your 4* Costa Del Sol Holiday or £5000 await collection. Call 09050090044 Now toClaim. SAE, TC s, POBox334, Stockport, SK38xh, Cost£1.50/pm, Max10mins",1
sms_2210,"Hmm well, night night",0
sms_2212,"Just gettin a bit arty with my collages at the mo, well tryin 2 ne way! Got a roast in a min lovely i shall enjoy that!",0
sms_2214,"Goodmorning, today i am late for 2hrs. Because of back pain.",0
sms_2217,OK i'm waliking ard now... Do u wan me 2 buy anything go ur house?,0
sms_2218,* Will have two more cartons off u and is very pleased with shelves,0
sms_2220,You have WON a guaranteed £1000 cash or a £2000 prize. To claim yr prize call our customer service representative on 08714712379 between 10am-7pm Cost 10p,1
sms_2222,I notice you like looking in the shit mirror youre turning into a right freak,0
sms_2223,Great. I was getting worried about you. Just know that a wonderful and caring person like you will have only the best in life. Know that u r wonderful and God's love is yours.,0
sms_2225,"I prefer my free days... Tues, wed, fri oso can... Ü ask those workin lor...",0
sms_2226,Alrite jod hows the revision goin? Keris bin doin a smidgin. N e way u wanna cum over after college?xx,0
sms_2227,If you have belive me. Come to my home.,0
sms_2228,Oh k.k..where did you take test?,0
sms_2231,"Hey... Thk we juz go accordin to wat we discussed yest lor, except no kb on sun... Cos there's nt much lesson to go if we attend kb on sat...",0
sms_2234,Good Morning plz call me sir,0
sms_2235,What's your room number again? Wanna make sure I'm knocking on the right door,0
sms_2237,Pls tell nelson that the bb's are no longer comin. The money i was expecting aint coming,0
sms_2240,Every day i use to sleep after  &lt;#&gt;  so only.,0
sms_2241,K I'll call you when I'm close,0
sms_2243,Nope wif my sis lor... Aft bathing my dog then i can bathe... Looks like it's going 2 rain soon.,0
sms_2244,Boo I'm on my way to my moms. She's making tortilla soup. Yummmm,0
sms_2245,No management puzzeles.,0
sms_2246,How did you find out in a way that didn't include all of these details,0
sms_2248,Back 2 work 2morro half term over! Can U C me 2nite 4 some sexy passion B4 I have 2 go back? Chat NOW 09099726481 Luv DENA Calls £1/minMobsmoreLKPOBOX177HP51FL,1
sms_2249,will you like to be spoiled? :),0
sms_2250,"Thanks for your ringtone order, ref number R836. Your mobile will be charged £4.50. Should your tone not arrive please call customer services on 09065069154",1
sms_2253,Den wat will e schedule b lk on sun?,0
sms_2254,Lol enjoy role playing much?,0
sms_2256,"I just lov this line: ""Hurt me with the truth, I don't mind,i wil tolerat.bcs ur my someone..... But, Never comfort me with a lie"" gud ni8 and sweet dreams",0
sms_2257,"Just checked out, heading out to drop off my stuff now",0
sms_2259,Sad story of a Man - Last week was my b'day. My Wife did'nt wish me. My Parents forgot n so did my Kids . I went to work. Even my Colleagues did not wish.,0
sms_2260,Ill call you evening ill some ideas.,0
sms_2261,SplashMobile: Choose from 1000s of gr8 tones each wk! This is a subscrition service with weekly tones costing 300p. U have one credit - kick back and ENJOY,1
sms_2263,It should take about  &lt;#&gt;  min,0
sms_2266,I cant pick the phone right now. Pls send a message,0
sms_2267,<Forwarded from 88877>FREE entry into our £250 weekly comp just send the word ENTER to 88877 NOW. 18 T&C www.textcomp.com,1
sms_2268,Finish liao... U?,0
sms_2269,88066 FROM 88066 LOST 3POUND HELP,1
sms_2274,Cold. Dont be sad dear,0
sms_2276,Is that on the telly? No its Brdget Jones!,0
sms_2279,Hmm...Bad news...Hype park plaza $700 studio taken...Only left 2 bedrm-$900...,0
sms_2280,"Sorry, I'll call later in meeting",0
sms_2285,"Velly good, yes please!",0
sms_2288,Alex knows a guy who sells mids but he's down in south tampa and I don't think I could set it up before like 8,0
sms_2291,"HEY THERE BABE, HOW U DOIN? WOT U UP 2 2NITE LOVE ANNIE X.",0
sms_2292,Remind me how to get there and I shall do so,0
sms_2294,Hello. Damn this christmas thing. I think i have decided to keep this mp3 that doesnt work.,0
sms_2295,You have 1 new message. Please call 08718738034.,1
sms_2296,HI DARLIN IM MISSIN U HOPE YOU ARE HAVING A GOOD TIME. WHEN ARE U BACK AND WHAT TIME IF U CAN GIVE ME A CALL AT HOME. JESS XX,0
sms_2300,"Congrats! 1 year special cinema pass for 2 is yours. call 09061209465 now! C Suprman V, Matrix3, StarWars3, etc all 4 FREE! bx420-ip4-5we. 150pm. Dont miss out!",1
sms_2301,Nothin comes to my mind. Ü help me buy hanger lor. Ur laptop not heavy?,0
sms_2306,Still in the area of the restaurant. Ill try to come back soon,0
sms_2307,"Aight that'll work, thanks",0
sms_2309,Moby Pub Quiz.Win a £100 High Street prize if u know who the new Duchess of Cornwall will be? Txt her first name to 82277.unsub STOP £1.50 008704050406 SP Arrow,1
sms_2310,"I have 2 sleeping bags, 1 blanket and paper and  phone details. Anything else?",0
sms_2311,You have won a Nokia 7250i. This is what you get when you win our FREE auction. To take part send Nokia to 86021 now. HG/Suite342/2Lands Row/W1JHL 16+,1
sms_2312,"Congratulations! Thanks to a good friend U have WON the £2,000 Xmas prize. 2 claim is easy, just call 08718726971 NOW! Only 10p per minute. BT-national-rate.",1
sms_2313,"tddnewsletter@emc1.co.uk (More games from TheDailyDraw) Dear Helen, Dozens of Free Games - with great prizesWith..",1
sms_2314,So what do you guys do.,0
sms_2316,That's significant but dont worry.,0
sms_2317,That's cause your old. I live to be high.,0
sms_2318,"Waqt se pehle or naseeb se zyada kisi ko kuch nahi milta,Zindgi wo nahi he jo hum sochte hai Zindgi wo hai jo ham jeetey hai..........",0
sms_2319,On the way to office da..,0
sms_2321,This pain couldn't have come at a worse time.,0
sms_2322,Ok...,0
sms_2323,Should I be stalking u?,0
sms_2324,Sorry dude. Dont know how i forgot. Even after Dan reminded me. Sorry. Hope you guys had fun.,0
sms_2327,The Xmas story is peace.. The Xmas msg is love.. The Xmas miracle is jesus.. Hav a blessed month ahead &amp; wish U Merry Xmas...,0
sms_2328,"URGENT! Your mobile number *************** WON a £2000 Bonus Caller prize on 10/06/03! This is the 2nd attempt to reach you! Call 09066368753 ASAP! Box 97N7QP, 150ppm",1
sms_2334,What happen to her tell the truth,0
sms_2335,Do you like Italian food?,0
sms_2337,Aww you must be nearly dead!Well Jez isComing over toDo some workAnd that whillTake forever!,0
sms_2340,Cheers for the message Zogtorius. Ive been staring at my phone for an age deciding whether to text or not.,0
sms_2341,I will take care of financial problem.i will help:),0
sms_2342,Tell dear what happen to you. Why you talking to me like an alian,0
sms_2343,Double your mins & txts on Orange or 1/2 price linerental - Motorola and SonyEricsson with B/Tooth FREE-Nokia FREE Call MobileUpd8 on 08000839402 or2optout/HV9D,1
sms_2344,"1) Go to write msg 2) Put on Dictionary mode 3)Cover the screen with hand, 4)Press  &lt;#&gt; . 5)Gently remove Ur hand.. Its interesting..:)",0
sms_2347,Its posible dnt live in  &lt;#&gt; century cm frwd n thnk different,0
sms_2348,But i dint slept in afternoon.,0
sms_2349,That seems unnecessarily affectionate,0
sms_2350,Yar else i'll thk of all sorts of funny things.,0
sms_2351,You will be in the place of that man,0
sms_2352,"Download as many ringtones as u like no restrictions, 1000s 2 choose. U can even send 2 yr buddys. Txt Sir to 80082 £3",1
sms_2353,Thats cool. How was your day?,0
sms_2354,Please CALL 08712402902 immediately as there is an urgent message waiting for you.,1
sms_2355,R we going with the  &lt;#&gt;  bus?,0
sms_2356,"Hello, my love ! How went your day ? Are you alright ? I think of you, my sweet and send a jolt to your heart to remind you ... I LOVE YOU! Can you hear it ? I screamed it across the sea for all the world to hear. Ahmad al Hallaq is loved ! and owned ! *possessive passionate kiss*",0
sms_2357,No..he joined today itself.,0
sms_2358,Okay same with me. Well thanks for the clarification,0
sms_2359,I'll talk to the others and probably just come early tomorrow then,0
sms_2360,"Spook up your mob with a Halloween collection of a logo & pic message plus a free eerie tone, txt CARD SPOOK to 8007 zed 08701417012150p per logo/pic",1
sms_2362,Hi. I'm sorry i missed your call. Can you pls call back.,0
sms_2363,How are you doing? Hope you've settled in for the new school year. Just wishin you a gr8 day,0
sms_2365,Ok then no need to tell me anything i am going to sleep good night,0
sms_2366,Ok try to do week end course in coimbatore.,0
sms_2367,Tone Club: Your subs has now expired 2 re-sub reply MONOC 4 monos or POLYC 4 polys 1 weekly @ 150p per week Txt STOP 2 stop This msg free Stream 0871212025016,1
sms_2368,V nice! Off 2 sheffield tom 2 air my opinions on categories 2 b used 2 measure ethnicity in next census. Busy transcribing. :-),0
sms_2369,If you r @ home then come down within 5 min,0
sms_2370,"A Boy loved a gal. He propsd bt she didnt mind. He gv lv lttrs, Bt her frnds threw thm. Again d boy decided 2 aproach d gal , dt time a truck was speeding towards d gal. Wn it was about 2 hit d girl,d boy ran like hell n saved her. She asked 'hw cn u run so fast?' D boy replied ""Boost is d secret of my energy"" n instantly d girl shouted ""our energy"" n Thy lived happily 2gthr drinking boost evrydy Moral of d story:- I hv free msgs:D;): gud ni8",0
sms_2371,"That day ü say ü cut ur hair at paragon, is it called hair sense? Do ü noe how much is a hair cut?",0
sms_2373,Watching tv lor... Y she so funny we bluff her 4 wat. Izzit because she thk it's impossible between us?,0
sms_2375,Dunno lei he neva say...,0
sms_2376,Thanx 4 2day! U r a goodmate I THINK UR RITE SARY! ASUSUAL!1 U CHEERED ME UP! LOVE U FRANYxxxxx,0
sms_2377,I'm on my way home. Went to change batt 4 my watch then go shop a bit lor.,0
sms_2378,YES! The only place in town to meet exciting adult singles is now in the UK. Txt CHAT to 86688 now! 150p/Msg.,1
sms_2379,"Hi, Mobile no.  &lt;#&gt;  has added you in their contact list on www.fullonsms.com It s a great place to send free sms to people For more visit fullonsms.com",0
sms_2381,"If i let you do this, i want you in the house by 8am.",0
sms_2383,I will reach before ten morning,0
sms_2384,Your pussy is perfect!,0
sms_2385,"Sorry, I'll call later",0
sms_2388,Also where's the piece,0
sms_2389,"wiskey Brandy Rum Gin Beer Vodka Scotch Shampain Wine ""KUDI""yarasu dhina vaazhthukkal. ..",0
sms_2390,Boo. How's things? I'm back at home and a little bored already :-(,0
sms_2391,First has she gained more than  &lt;#&gt; kg since she took in. Second has she done the blood sugar tests. If she has and its ok and her blood pressure is within normal limits then no worries,0
sms_2393,"Thanks da thangam, i feel very very happy dear. I also miss you da.",0
sms_2394,"Okey doke. I'm at home, but not dressed cos laying around ill! Speak to you later bout times and stuff.",0
sms_2395,I don't run away frm u... I walk slowly &amp; it kills me that u don't care enough to stop me...,0
sms_2398,Neshanth..tel me who r u?,0
sms_2399,YO YO YO BYATCH WHASSUP?,0
sms_2400,Oh... Kay... On sat right?,0
sms_2402,Babe: U want me dont u baby! Im nasty and have a thing 4 filthyguys. Fancy a rude time with a sexy bitch. How about we go slo n hard! Txt XXX SLO(4msgs),1
sms_2405,Please give it 2  or i will pick it up on Tuesday evening about 8 if that is ok.,0
sms_2406,I'm meeting Darren...,0
sms_2409,Dear where you will be when i reach there,0
sms_2410,Aww that's the first time u said u missed me without asking if I missed u first. You DO love me! :),0
sms_2411,Ok... Thanx... Gd nite 2 ü too...,0
sms_2412,"Come to me right now, Ahmad",0
sms_2414,Lol please do. Actually send a pic of yourself right now. I wanna see. Pose with a comb and hair dryer or something.,0
sms_2416,Huh means computational science... Y they like dat one push here n there...,0
sms_2417,"Could you not read me, my Love ? I answered you",0
sms_2418,Oh... Lk tt den we take e one tt ends at cine lor... Dun wan yogasana oso can...,0
sms_2419,"Madam,regret disturbance.might receive a reference check from DLF Premarica.kindly be informed.Rgds,Rakhesh,Kerala.",0
sms_2420,SMS SERVICES For your inclusive text credits pls gotto www.comuk.net login 3qxj9 unsubscribe with STOP no extra charge help 08702840625 comuk.220cm2 9AE,1
sms_2421,Oic... Then better quickly go bathe n settle down...,0
sms_2423,A bloo bloo bloo I'll miss the first bowl,0
sms_2424,Lmao but its so fun...,0
sms_2425,Oh k k:)but he is not a big hitter.anyway good,0
sms_2428,Do you think i can move  &lt;#&gt;  in a week,0
sms_2429,She.s find. I sent you an offline message to know how anjola's now.,0
sms_2430,Guess who am I?This is the first time I created a web page WWW.ASJESUS.COM read all I wrote. I'm waiting for your opinions. I want to be your friend 1/1,1
sms_2431,How was txting and driving,0
sms_2433,Really dun bluff me leh... U sleep early too. Nite...,0
sms_2434,"Indians r poor but India is not a poor country. Says one of the swiss bank directors. He says that "" &lt;#&gt;  lac crore"" of Indian money is deposited in swiss banks which can be used for 'taxless' budget for  &lt;#&gt;  yrs. Can give  &lt;#&gt;  crore jobs to all Indians. From any village to Delhi 4 lane roads. Forever free power suply to more than  &lt;#&gt;  social projects. Every citizen can get monthly  &lt;#&gt; /- for  &lt;#&gt;  yrs. No need of World Bank &amp; IMF loan. Think how our money is blocked by rich politicians. We have full rights against corrupt politicians. Itna forward karo ki pura INDIA padhe.g.m.""",0
sms_2435,Uncle boye. I need movies oh. Guide me. Plus you know torrents are not particularly legal here. And the system is slowing down. What should i do. Have a gr8 day. Plus have you started cos i dont meet you online. How was the honey moon.,0
sms_2436,Oh ya ya. I remember da. .,0
sms_2437,Btw regarding that we should really try to see if anyone else can be our 4th guy before we commit to a random dude,0
sms_2438,"For ur chance to win £250 cash every wk TXT: PLAY to 83370. T's&C's www.music-trivia.net custcare 08715705022, 1x150p/wk.",1
sms_2440,Rightio. 11.48 it is then. Well arent we all up bright and early this morning.,0
sms_2441,"Great. I'm in church now, will holla when i get out",0
sms_2443,I donno if they are scorable,0
sms_2445,"Yes but i dont care! I need you bad, princess!",0
sms_2446,"The guy (kadeem) hasn't been selling since the break, I know one other guy but he's paranoid as fuck and doesn't like selling without me there and I can't be up there til late tonight",0
sms_2447,"Sorry, I'll call later",0
sms_2451,K..give back my thanks.,0
sms_2452,I know complain num only..bettr directly go to bsnl offc nd apply for it..,0
sms_2454,How much she payed. Suganya.,0
sms_2455,Left dessert. U wan me 2 go suntec look 4 u?,0
sms_2457,Onum ela pa. Normal than.,0
sms_2458,K.k..how is your sister kids?,0
sms_2459,"Cool, I'll text you when I'm on the way",0
sms_2461,i cant talk to you now.i will call when i can.dont keep calling.,0
sms_2466,S.i think he is waste for rr..,0
sms_2469,Lol well don't do it without me. We could have a big sale together.,0
sms_2471,Eat at old airport road... But now 630 oredi... Got a lot of pple...,0
sms_2473,"Final Chance! Claim ur £150 worth of discount vouchers today! Text YES to 85023 now! SavaMob, member offers mobile! T Cs SavaMob POBOX84, M263UZ. £3.00 Subs 16",1
sms_2475,"Princess, i like to make love  &lt;#&gt;  times per night. Hope thats not a problem!",0
sms_2476,Mm i am on the way to railway,0
sms_2478,"I'm done. I'm sorry. I hope your next space gives you everything you want. Remember all the furniture is yours. If i'm not around when you move it, just lock all the locks and leave the key with jenne.",0
sms_2479,Not yet. Just i'd like to keep in touch and it will be the easiest way to do that from barcelona. By the way how ru and how is the house?,0
sms_2480,"Sppok up ur mob with a Halloween collection of nokia logo&pic message plus a FREE eerie tone, txt CARD SPOOK to 8007",1
sms_2481,"Urgent! call 09066612661 from landline. Your complementary 4* Tenerife Holiday or £10,000 cash await collection SAE T&Cs PO Box 3 WA14 2PX 150ppm 18+ Sender: Hol Offer",1
sms_2482,K.:)do it at evening da:)urgent:),0
sms_2486,Lol that's different. I don't go trying to find every real life photo you ever took.,0
sms_2488,K ill drink.pa then what doing. I need srs model pls send it to my mail id pa.,0
sms_2489,Aiyah e rain like quite big leh. If drizzling i can at least run home.,0
sms_2496,WINNER! As a valued network customer you hvae been selected to receive a £900 reward! To collect call 09061701444. Valid 24 hours only. ACL03530150PM,1
sms_2497,HCL chennai requires FRESHERS for voice process.Excellent english needed.Salary upto  &lt;#&gt; .Call Ms.Suman  &lt;#&gt;  for Telephonic interview -via Indyarocks.com,0
sms_2498,Dai what this da.. Can i send my resume to this id.,0
sms_2499,"I know where the  &lt;#&gt;  is, I'll be there around 5",0
sms_2500,Yup i've finished c ü there...,0
sms_2503,"Ola would get back to you maybe not today but I ve told him you can be his direct link in the US in getting cars he bids for online, you arrange shipping and you get a cut. Or U????? For a partnership where U????? Invest money for shipping and he takes care of the rest!U??Wud b self reliant soon dnt worry",0
sms_2504,Fwiw the reason I'm only around when it's time to smoke is that because of gas I can only afford to be around when someone tells me to be and that apparently only happens when somebody wants to light up,0
sms_2505,"Hello, my boytoy! I made it home and my constant thought is of you, my love. I hope your having a nice visit but I can't wait till you come home to me ...*kiss*",0
sms_2506,Congrats kano..whr s the treat maga?,0
sms_2507,Who u talking about?,0
sms_2508,Yup...,0
sms_2509,Ok...,0
sms_2511,Yunny i'm walking in citylink now ü faster come down... Me very hungry...,0
sms_2515,Ok ill send you with in  &lt;DECIMAL&gt;  ok.,0
sms_2516,Bognor it is! Should be splendid at this time of year.,0
sms_2518,"Sorry, I'll call later",0
sms_2519,Joy's father is John. Then John is the NAME of Joy's father. Mandan,0
sms_2522,"Sorry, I'll call later",0
sms_2523,Dunno lei... I might b eatin wif my frens... If ü wan to eat then i wait 4 ü lar,0
sms_2524,"Sorry, I'll call later",0
sms_2527,Do u noe how 2 send files between 2 computers?,0
sms_2528,"Mmmmm ... I loved waking to your words this morning ! I miss you too, my Love. I hope your day goes well and you are happy. I wait for us to be together again",0
sms_2529,jay says he'll put in  &lt;#&gt;,0
sms_2534,Glad it went well :) come over at 11 then we'll have plenty of time before claire goes to work.,0
sms_2535,Ok enjoy . R u there in home.,0
sms_2537,You do what all you like,0
sms_2538,That's y we haf to combine n c how lor...,0
sms_2540,Hmmm:)how many players selected?,0
sms_2542,I dont. Can you send it to me. Plus how's mode.,0
sms_2552,I'm done. C ü there.,0
sms_2553,"Oh fine, I'll be by tonight",0
sms_2554,Ü give me some time to walk there.,0
sms_2556,"FreeMSG You have been awarded a FREE mini DIGITAL CAMERA, just reply SNAP to collect your prize! (quizclub Opt out? Stop 80122300p/wk SP:RWM Ph:08704050406)",1
sms_2557,Fuck babe ... What happened to you ? How come you never came back?,0
sms_2558,This message is brought to you by GMW Ltd. and is not connected to the,1
sms_2561,Are you still getting the goods.,0
sms_2565,"Under the sea, there lays a rock. In the rock, there is an envelope. In the envelope, there is a paper. On the paper, there are 3 words... '",0
sms_2566,I told her I had a Dr appt next week. She thinks I'm gonna die. I told her its just a check. Nothing to be worried about. But she didn't listen.,0
sms_2567,You in your room? I need a few,0
sms_2568,I dont want to hear anything,0
sms_2569,Hey. For me there is no leave on friday. Wait i will ask my superior and tell you..,0
sms_2571,From 5 to 2 only my work timing.,0
sms_2575,Your next amazing xxx PICSFREE1 video will be sent to you enjoy! If one vid is not enough for 2day text back the keyword PICSFREE1 to get the next video.,1
sms_2576,Now thats going to ruin your thesis!,0
sms_2579,Erm. I thought the contract ran out the4th of october.,0
sms_2580,I dunno until when... Lets go learn pilates...,0
sms_2581,U are subscribed to the best Mobile Content Service in the UK for £3 per ten days until you send STOP to 83435. Helpline 08706091795.,1
sms_2582,Yup i'm elaborating on the safety aspects and some other issues..,0
sms_2584,"Goodmorning, today i am late for 1hr.",0
sms_2585,Hi happy birthday. Hi hi hi hi hi hi hi,0
sms_2587,If you don't respond imma assume you're still asleep and imma start calling n shit,0
sms_2589,My superior telling that friday is leave for all other department except ours:)so it will be leave for you:)any way call waheed fathima hr and conform it:),0
sms_2592,Still work going on:)it is very small house.,0
sms_2593,"My friend just got here and says he's upping his order by a few grams (he's got $ &lt;#&gt; ), when can you get here?",0
sms_2594,Tmr timin still da same wat cos i got lesson until 6...,0
sms_2595,"That‘s the thing with apes, u can fight to the death to keep something, but the minute they have it when u let go, thats it!",0
sms_2599,Okie... Thanx...,0
sms_2601,"As usual..iam fine, happy &amp; doing well..:)",0
sms_2603,So when you gonna get rimac access,0
sms_2607,R U &SAM P IN EACHOTHER. IF WE MEET WE CAN GO 2 MY HOUSE,0
sms_2609,Hello madam how are you ?,0
sms_2610,"Awesome, text me when you're restocked",0
sms_2611,"As usual..iam fine, happy &amp; doing well..:)",0
sms_2612,Knock Knock Txt whose there to 80082 to enter r weekly draw 4 a £250 gift voucher 4 a store of yr choice. T&Cs www.tkls.com age16 to stoptxtstop£1.50/week,1
sms_2616,2marrow only. Wed at  &lt;#&gt;  to 2 aha.,0
sms_2617,I went to ur hon lab but no one is there.,0
sms_2618,I cant pick the phone right now. Pls send a message,0
sms_2619,Hey pple...$700 or $900 for 5 nights...Excellent location wif breakfast hamper!!!,0
sms_2620,<Forwarded from 21870000>Hi - this is your Mailbox Messaging SMS alert. You have 40 matches. Please call back on 09056242159 to retrieve your messages and matches cc100p/min,1
sms_2623,Ok lor...,0
sms_2624,I'm coming home 4 dinner.,0
sms_2625,S da..al r above  &lt;#&gt;,0
sms_2626,"FREE RING TONE just text ""POLYS"" to 87131. Then every week get a new tone. 0870737910216yrs only £1.50/wk.",1
sms_2628,I know I'm lacking on most of this particular dramastorm's details but for the most part I'm not worried about that,0
sms_2629,Haha... They cant what... At the most tmr forfeit... haha so how?,0
sms_2633,I WILL CAL YOU SIR. In meeting,0
sms_2634,"That's what I love to hear :V see you sundayish, then",0
sms_2636,Tiwary to rcb.battle between bang and kochi.,0
sms_2638,No I don't have cancer. Moms making a big deal out of a regular checkup aka pap smear,0
sms_2639,Am in gobi arts college,0
sms_2640,Why she wants to talk to me,0
sms_2641,Pandy joined 4w technologies today.he got job..,0
sms_2644,Hi! You just spoke to MANEESHA V. We'd like to know if you were satisfied with the experience. Reply Toll Free with Yes or No.,0
sms_2645,My friends use to call the same.,0
sms_2646,"Sorry, I'll call later",0
sms_2647,"Em, its olowoyey@ usc.edu have a great time in argentina. Not sad about secretary, everything is a blessing",0
sms_2648,"It,,s a taxt massage....tie-pos argh ok! Lool!",0
sms_2649,"Hi, can i please get a  &lt;#&gt;  dollar loan from you. I.ll pay you back by mid february. Pls.",0
sms_2650,"You might want to pull out more just in case and just plan on not spending it if you can, I don't have much confidence in derek and taylor's money management",0
sms_2651,Do you like shaking your booty on the dance floor?,0
sms_2653,No need for the drug anymore.,0
sms_2654,Sorry da:)i was thought of calling you lot of times:)lil busy.i will call you at noon..,0
sms_2655,Its sarcasm.. .nt scarcasim,0
sms_2656,Great! I have to run now so ttyl!,0
sms_2657,Feel like trying kadeem again? :V,0
sms_2658,Dai  &lt;#&gt;  naal eruku.,0
sms_2659,Not yet chikku..wat abt u?,0
sms_2660,Ok...,0
sms_2661,Want to finally have lunch today?,0
sms_2662,Do you know when dad will be back?,0
sms_2663,"Hello darling how are you today? I would love to have a chat, why dont you tell me what you look like and what you are in to sexy?",1
sms_2665,He remains a bro amongst bros,0
sms_2666,R u meeting da ge at nite tmr?,0
sms_2667,"* Was a nice day and, impressively, i was sensible, went home early and now feel fine. Or am i just boring?! When's yours, i can't remember.",0
sms_2669,Wanna get laid 2nite? Want real Dogging locations sent direct to ur mobile? Join the UK's largest Dogging Network. Txt PARK to 69696 now! Nyt. ec2a. 3lp £1.50/msg,1
sms_2672,"That's cool, I'll come by like  &lt;#&gt; ish",0
sms_2674,"Good afternoon, my boytoy ... How are you feeling today ? Better I hope? Are you being my good boy? Are you my obedient, slave? Do you please your Queen?",0
sms_2675,I am 6 ft. We will be a good combination!,0
sms_2677,* Am on a train back from northampton so i'm afraid not!,0
sms_2680,"New Tones This week include: 1)McFly-All Ab.., 2) Sara Jorge-Shock.. 3) Will Smith-Switch.. To order follow instructions on next message",1
sms_2682,I'm on da bus going home...,0
sms_2683,I got a call from a landline number. . . I am asked to come to anna nagar . . . I will go in the afternoon,0
sms_2685,Yupz... I've oredi booked slots 4 my weekends liao...,0
sms_2687,There r many model..sony ericson also der.. &lt;#&gt; ..it luks good bt i forgot modl no,0
sms_2689,Yes I know the cheesy songs from frosty the snowman :),0
sms_2691,sports fans - get the latest sports news str* 2 ur mobile 1 wk FREE PLUS a FREE TONE Txt SPORT ON to 8007 www.getzed.co.uk 0870141701216+ norm 4txt/120p,1
sms_2693,"Urgent Urgent! We have 800 FREE flights to Europe to give away, call B4 10th Sept & take a friend 4 FREE. Call now to claim on 09050000555. BA128NNFWFLY150ppm",1
sms_2698,Can you use foreign stamps for whatever you send them off for?,0
sms_2703,"Omw back to tampa from west palm, you hear what happened?",0
sms_2704,Yup no more already... Thanx 4 printing n handing it up.,0
sms_2706,What i mean is do they come chase you out when its over or is it stated you can watch as many movies as you want.,0
sms_2707,S now only i took tablets . Reaction morning only.,0
sms_2709,"Nah, I'm a perpetual DD",0
sms_2710,Sorry de i went to shop.,0
sms_2711,Hope you enjoyed your new content. text stop to 61610 to unsubscribe. help:08712400602450p Provided by tones2you.co.uk,1
sms_2713,Hey you still want to go for yogasana? Coz if we end at cine then can go bathe and hav the steam bath,0
sms_2715,I am thinking of going down to reg for pract lessons.. Flung my advance.. Haha wat time u going?,0
sms_2717,"House-Maid is the murderer, coz the man was murdered on  &lt;#&gt; th January.. As public holiday all govt.instituitions are closed,including post office..understand?",0
sms_2718,Okie.. Thanx..,0
sms_2719,18 days to Euro2004 kickoff! U will be kept informed of all the latest news and results daily. Unsubscribe send GET EURO STOP to 83222.,1
sms_2721,Ok lor...,0
sms_2722,I'm working technical support :)voice process.,0
sms_2725,Nope... C ü then...,0
sms_2726,No. But we'll do medical missions to nigeria,0
sms_2728,Whatsup there. Dont u want to sleep,0
sms_2729,Urgent Please call 09066612661 from landline. £5000 cash or a luxury 4* Canary Islands Holiday await collection. T&Cs SAE award. 20M12AQ. 150ppm. 16+ “,1
sms_2731,I havent lei.. Next mon can?,0
sms_2734,Do ü noe if ben is going?,0
sms_2735,Can you do a mag meeting this avo at some point?,0
sms_2736,I meant middle left or right?,0
sms_2741,Nothing. Can...,0
sms_2743,No * am working on the ringing u thing but have whole houseful of screaming brats so * am pulling my hair out! Loving u,0
sms_2745,"Tick, tick, tick ... Babe",0
sms_2747,K da:)how many page you want?,0
sms_2750,You said not now. No problem. When you can. Let me know.,0
sms_2751,Ok but tell me half an hr b4 u come i need 2 prepare.,0
sms_2752,Play w computer? Aiyah i tok 2 u lor?,0
sms_2754,"Derp. Which is worse, a dude who always wants to party or a dude who files a complaint about the three drug abusers he lives with",0
sms_2755,Ok Chinese food on its way. When I get fat you're paying for my lipo.,0
sms_2756,We r outside already.,0
sms_2757,Have a good trip. Watch out for . Remember when you get back we must decide about easter.,0
sms_2758,Yo we are watching a movie on netflix,0
sms_2759,What time. I‘m out until prob 3 or so,0
sms_2760,"Can meh? Thgt some will clash... Really ah, i dun mind... I dun seen to have lost any weight... Gee...",0
sms_2763,ARR birthday today:) i wish him to get more oscar.,0
sms_2765,"Open rebtel with firefox. When it loads just put plus sign in the user name place, and it will show you two numbers. The lower number is my number. Once you pick that number the pin will display okay!",0
sms_2766,and  picking them up from various points,0
sms_2768,Wow v v impressed. Have funs shopping!,0
sms_2769,I am on the way to ur home,0
sms_2772,Then ur sis how?,0
sms_2773,Still in customer place,0
sms_2775,"Dude u knw also telugu..thts gud..k, gud nyt..",0
sms_2776,We confirm eating at esplanade?,0
sms_2778,Kind of. Took it to garage. Centre part of exhaust needs replacing. Part ordered n taking it to be fixed tomo morning.,0
sms_2779,"For ur chance to win a £250 cash every wk TXT: ACTION to 80608. T's&C's www.movietrivia.tv custcare 08712405022, 1x150p/wk.",1
sms_2780,Well I might not come then...,0
sms_2781,Long after I quit. I get on only like 5 minutes a day as it is.,0
sms_2782,Then its most likely called Mittelschmertz. Google it. If you dont have paracetamol dont worry it will go.,0
sms_2784,"Just arrived, see you in a couple days &lt;3",0
sms_2787,cThen i thk shd b enuff.. Still got conclusion n contents pg n references.. I'll b doing da contents pg n cover pg..,0
sms_2790,When you are big..| God will bring success.,0
sms_2791,U’ve Bin Awarded £50 to Play 4 Instant Cash. Call 08715203028 To Claim. EVERY 9th Player Wins Min £50-£500. OptOut 08718727870,1
sms_2792,"… we r stayin here an extra week, back next wed. How did we do in the rugby this weekend? Hi to and and , c u soon """,0
sms_2795,"The affidavit says  &lt;#&gt;  E Twiggs St, division g, courtroom  &lt;#&gt; , &lt;TIME&gt;  AM. I'll double check and text you again tomorrow",0
sms_2796,How will I creep on you now? ;_;,0
sms_2798,If I get there before you after your ten billion calls and texts so help me god,0
sms_2799,Purity of friendship between two is not about smiling after reading the forwarded message..Its about smiling just by seeing the name. Gud evng musthu,0
sms_2800,I've told him that i've returned it. That should i re order it.,0
sms_2801,"House-Maid is the murderer, coz the man was murdered on  &lt;#&gt; th January.. As public holiday all govt.instituitions are closed,including post office..",0
sms_2802,Depends on where u going lor.,0
sms_2804,FreeMsg>FAV XMAS TONES!Reply REAL,1
sms_2805,Lil fever:) now fine:),0
sms_2806,I think it's all still in my car,0
sms_2807,Can a not?,0
sms_2808,December only! Had your mobile 11mths+? You are entitled to update to the latest colour camera mobile for Free! Call The Mobile Update Co FREE on 08002986906,1
sms_2811,Mm so you asked me not to call radio,0
sms_2812,Thinkin about someone is all good. No drugs for that,0
sms_2816,Some are lasting as much as 2 hours. You might get lucky.,0
sms_2817,Genius what's up. How your brother. Pls send his number to my skype.,0
sms_2818,"Gr8 Poly tones 4 ALL mobs direct 2u rply with POLY TITLE to 8007 eg POLY BREATHE1 Titles: CRAZYIN, SLEEPINGWITH, FINEST, YMCA :getzed.co.uk POBox365O4W45WQ 300p",1
sms_2819,Thk some of em find wtc too far... Weiyi not goin... E rest i dunno yet... R ur goin 4 dinner den i might b able to join...,0
sms_2820,Don't forget who owns you and who's private property you are ... And be my good boy always .. *passionate kiss*,0
sms_2823,ROMCAPspam Everyone around should be responding well to your presence since you are so warm and outgoing. You are bringing in a real breath of sunshine.,1
sms_2825,No need to buy lunch for me.. I eat maggi mee..,0
sms_2827,Ok lor...,0
sms_2831,Howz that persons story,0
sms_2833,Its normally hot mail. Com you see!,0
sms_2834,"You've won tkts to the EURO2004 CUP FINAL or £800 CASH, to collect CALL 09058099801 b4190604, POBOX 7876150ppm",1
sms_2835,U sick still can go shopping?,0
sms_2837,Nice.nice.how is it working?,0
sms_2838,1's reach home call me.,0
sms_2841,BABE !!! I miiiiiiissssssssss you ! I need you !!! I crave you !!! :-( ... Geeee ... I'm so sad without you babe ... I love you ...,0
sms_2843,aathi..where are you dear..,0
sms_2845,Today iZ Yellow rose day. If u love my frndship give me 1 misscall &amp; send this to ur frndZ &amp; See how many miss calls u get. If u get 6missed U marry ur Lover.,0
sms_2846,Will be out of class in a few hours. Sorry,0
sms_2848,"Free-message: Jamster!Get the crazy frog sound now! For poly text MAD1, for real text MAD2 to 88888. 6 crazy sounds for just 3 GBP/week! 16+only! T&C's apply",1
sms_2849,"Sad story of a Man - Last week was my b'day. My Wife did'nt wish me. My Parents forgot n so did my Kids . I went to work. Even my Colleagues did not wish. As I entered my cabin my PA said, '' Happy B'day Boss !!''. I felt special. She askd me 4 lunch. After lunch she invited me to her apartment. We went there. She said,'' do u mind if I go into the bedroom for a minute ? '' ''OK'', I sed in a sexy mood. She came out 5 minuts latr wid a cake...n My Wife, My Parents, My Kidz, My Friends n My Colleagues. All screaming.. SURPRISE !! and I was waiting on the sofa.. ... ..... ' NAKED...!",0
sms_2851,She's fine. Good to hear from you. How are you my dear? Happy new year oh.,0
sms_2853,how tall are you princess?,0
sms_2854,I doubt you could handle 5 times per night in any case...,0
sms_2855,Haha... Hope ü can hear the receipt sound... Gd luck!,0
sms_2856,Your gonna be the death if me. I'm gonna leave a note that says its all robs fault. Avenge me.,0
sms_2858,Today i'm not workin but not free oso... Gee... Thgt u workin at ur fren's shop ?,0
sms_2859,In life when you face choices Just toss a coin not becoz its settle the question But while the coin in the air U will know what your heart is hoping for. Gudni8,0
sms_2860,"Do you know why god created gap between your fingers..? So that, One who is made for you comes &amp; fills those gaps by holding your hand with LOVE..!",0
sms_2862,I am not at all happy with what you saying or doing,0
sms_2863,Adult 18 Content Your video will be with you shortly,1
sms_2864,"Ok that would b lovely, if u r sure. Think about wot u want to do, drinkin, dancin, eatin, cinema, in, out, about... Up to u! Wot about ?",0
sms_2865,What I'm saying is if you haven't explicitly told nora I know someone I'm probably just not gonna bother,0
sms_2866,He says hi and to get your ass back to south tampa (preferably at a kegger),0
sms_2868,"Mum, i've sent you many many messages since i got here. I just want to know that you are actually getting them. Do enjoy the rest of your day.",0
sms_2869,"Aight, tomorrow around  &lt;#&gt;  it is",0
sms_2870,"House-Maid is the murderer, coz the man was murdered on  &lt;#&gt; th January.. As public holiday all govt.instituitions are closed,including post office..understand?",0
sms_2873,See you there!,0
sms_2874,I dont understand your message.,0
sms_2876,"Idk. You keep saying that you're not, but since he moved, we keep butting heads over freedom vs. responsibility. And i'm tired. I have so much other shit to deal with that i'm barely keeping myself together once this gets added to it.",0
sms_2877,Fuck cedar key and fuck her (come over anyway tho),0
sms_2879,"Hey Boys. Want hot XXX pics sent direct 2 ur phone? Txt PORN to 69855, 24Hrs free and then just 50p per day. To stop text STOPBCM SF WC1N3XX",1
sms_2883,Hi Harish's rent has been transfred to ur Acnt.,0
sms_2884,Anything lor is she coming?,0
sms_2885,Cbe is really good nowadays:)lot of shop and showrooms:)city is shaping good.,0
sms_2887,No probs hon! How u doinat the mo?,0
sms_2888,K I'll take care of it,0
sms_2889,I take it we didn't have the phone callon Friday. Can we assume we won't have it this year now?,0
sms_2891,Shuhui has bought ron's present it's a swatch watch...,0
sms_2895,K...k...yesterday i was in cbe .,0
sms_2898,Ü collecting ur laptop then going to configure da settings izzit?,0
sms_2899,If you r @ home then come down within 5 min,0
sms_2900,"Aight, I should be there by 8 at the latest, probably closer to 7. Are jay and tyler down or should we just do two trips?",0
sms_2902,Ur cash-balance is currently 500 pounds - to maximize ur cash-in now send CASH to 86688 only 150p/msg. CC: 08718720201 PO BOX 114/14 TCR/W1,1
sms_2905,HI DARLIN I HOPE YOU HAD A NICE NIGHT I WISH I HAD COME CANT WAIT TO SEE YOU LOVE FRAN PS I WANT DIRTY ANAL SEX AND I WANT A 10 MAN GANG BANG,0
sms_2907,"Helloooo... Wake up..! ""Sweet"" ""morning"" ""welcomes"" ""You"" ""Enjoy"" ""This Day"" ""with full of joy"".. ""GUD MRNG"".",0
sms_2908,ALRITE,0
sms_2910,URGENT! Your Mobile number has been awarded with a £2000 prize GUARANTEED. Call 09058094454 from land line. Claim 3030. Valid 12hrs only,1
sms_2912,"Sorry,in meeting I'll call later",0
sms_2914,Kindly send some one to our flat before  &lt;DECIMAL&gt;  today.,0
sms_2915,Sorry! U can not unsubscribe yet. THE MOB offer package has a min term of 54 weeks> pls resubmit request after expiry. Reply THEMOB HELP 4 more info,1
sms_2918,Yes. that will be fine. Love you. Be safe.,0
sms_2919,Thanks chikku..:-) gud nyt:-*,0
sms_2922,"Yo, any way we could pick something up tonight?",0
sms_2923,I've not sent it. He can send me.,0
sms_2924,Fine am simply sitting.,0
sms_2925,Thts god's gift for birds as humans hav some natural gift frm god..,0
sms_2926,Are you coming to day for class.,0
sms_2929,Anything...,0
sms_2930,Where wuld I be without my baby? The thought alone mite break me and I dont wanna go crazy but everyboy needs his lady xxxxxxxx,0
sms_2931,Wat's my dear doing? Sleeping ah?,0
sms_2933,Only 2% students solved this CAT question in 'xam... 5+3+2= &lt;#&gt;  9+2+4= &lt;#&gt;  8+6+3= &lt;#&gt;  then 7+2+5=????? Tell me the answer if u r brilliant...1thing.i got d answr.,0
sms_2935,Yup n her fren lor. I'm meeting my fren at 730.,0
sms_2938,Lol yep did that yesterday. Already got my fireplace. Now its just another icon sitting there for me.,0
sms_2940,Are you ok. What happen to behave like this,0
sms_2941,You have 1 new message. Please call 08712400200.,1
sms_2942,My supervisor find 4 me one lor i thk his students. I havent ask her yet. Tell u aft i ask her.,0
sms_2946,"Hey babe, sorry i didn't get sooner. Gary can come and fix it cause he thinks he knows what it is but he doesn't go as far a Ptbo and he says it will cost  &lt;#&gt;  bucks. I don't know if it might be cheaper to find someone there ? We don't have any second hand machines at all right now, let me know what you want to do babe",0
sms_2948,Leave it. U will always be ignorant.,0
sms_2949,Nope but i'll b going 2 sch on fri quite early lor cos mys sis got paper in da morn :-),0
sms_2950,at bruce b downs &amp; fletcher now,0
sms_2951,Where are you ? You said you would be here when I woke ... :-(,0
sms_2952,Hey now am free you can call me.,0
sms_2954,"URGENT! Your mobile was awarded a £1,500 Bonus Caller Prize on 27/6/03. Our final attempt 2 contact U! Call 08714714011",1
sms_2955,"Think i might have to give it a miss. Am teaching til twelve, then have lecture at two. Damn this working thing.",0
sms_2956,Id have to check but there's only like 1 bowls worth left,0
sms_2957,Yes there were many sweets,0
sms_2960,Buzzzz! *grins* Did I buzz your ass? Buzz your chest ? Buzz your cock ? Where do you keep your phone ? Is the vibrator on ? Did you feel it shake ?,0
sms_2961,Sir send to group mail check it.,0
sms_2963,NONE!NOWHERE IKNO DOESDISCOUNT!SHITINNIT,0
sms_2966,Not yet had..ya sapna aunty manege y'day hogidhe..chinnu full weak and swalpa black agidhane..,0
sms_2968,NEFT Transaction with reference number  &lt;#&gt;  for Rs. &lt;DECIMAL&gt;  has been credited to the beneficiary account on  &lt;#&gt;  at  &lt;TIME&gt; : &lt;#&gt;,0
sms_2969,"Mostly sports type..lyk footbl,crckt..",0
sms_2971,U should make a fb list,0
sms_2975,"I'll text carlos and let you know, hang on",0
sms_2978,"Ok omw now, you at castor?",0
sms_2980,"Xmas Offer! Latest Motorola, SonyEricsson & Nokia & FREE Bluetooth or DVD! Double Mins & 1000 Txt on Orange. Call MobileUpd8 on 08000839402 or call2optout/4QF2",1
sms_2981,What u mean u almost done? Done wif sleeping? But i tot u going to take a nap.. Yup i send her liao so i'm picking her up at ard 4 smth lor..,0
sms_2984,What should i eat fo lunch senor,0
sms_2985,"He said that he had a right giggle when he saw u again! You would possibly be the first person2die from NVQ, but think how much you could for!",0
sms_2986,No break time one... How... I come out n get my stuff fr ü?,0
sms_2992,"HOT LIVE FANTASIES call now 08707509020 Just 20p per min NTT Ltd, PO Box 1327 Croydon CR9 5WB 0870 is a national rate call",1
sms_2993,K.i did't see you.:)k:)where are you now?,0
sms_2994,So i'm doing a list of buyers.,0
sms_2995,"No idea, I guess we'll work that out an hour after we're supposed to leave since as usual nobody has any interest in figuring shit out before the last second",0
sms_2996,Mm not entirely sure i understood that text but hey. Ho. Which weekend?,0
sms_2997,They released vday shirts and when u put it on it makes your bottom half naked instead of those white underwear.,0
sms_2998,Don know..he is watching film in computer..,0
sms_3000,"Oh, then your phone phoned me but it disconnected",0
sms_3001,Id onluy matters when getting on from offcampus,0
sms_3004,I will see in half an hour,0
sms_3005,"You've won tkts to the EURO2004 CUP FINAL or £800 CASH, to collect CALL 09058099801 b4190604, POBOX 7876150ppm",1
sms_3006,Ew are you one of them?,0
sms_3010,Update_Now - 12Mths Half Price Orange line rental: 400mins...Call MobileUpd8 on 08000839402 or call2optout=J5Q,1
sms_3012,"Hm good morning, headache anyone? :-)",0
sms_3013,Yeah no probs - last night is obviously catching up with you... Speak soon,0
sms_3015,I might go 2 sch. Yar at e salon now v boring.,0
sms_3016,&lt;#&gt;  mins but i had to stop somewhere first.,0
sms_3017,"&lt;#&gt;  is fast approaching. So, Wish u a very Happy New Year Happy Sankranti Happy republic day Happy Valentines Day Happy Shivratri Happy Ugadi Happy Fools day Happy May Day Happy Independence Day, Happy Friendship,Mother,Father,Teachers,Childrens Day, &amp; HAPPY BIRTHDAY 4 U. Happy Ganesh festival Happy Dasara Happy Diwali Happy Christmas  &lt;#&gt;  Good Mornings Afternoons, Evenings Nights. RememberI AM the first to WISHING U ALL THESE...your's Raj",0
sms_3019,I didn't get the second half of that message,0
sms_3020,Wat time do u wan 2 meet me later?,0
sms_3024,You are a very very very very bad girl. Or lady.,0
sms_3025,I love ya too but try and budget your money better babe. Gary would freak on me if he knew,0
sms_3026,"What part of ""don't initiate"" don't you understand",0
sms_3028,You still at the game?,0
sms_3031,"Also sir, i sent you an email about how to log into the usc payment portal. I.ll send you another message that should explain how things are back home. Have a great weekend.",0
sms_3032,gonna let me know cos comes bak from holiday that day.  is coming. Don't4get2text me  number.,0
sms_3033,Jokin only lar... :-) depends on which phone my father can get lor...,0
sms_3034,"Aight, lemme know what's up",0
sms_3037,;-) ok. I feel like john lennon.,0
sms_3038,Cos darren say ü considering mah so i ask ü...,0
sms_3041,One day a crab was running on the sea shore..The waves came n cleared the footprints of the crab.. Crab asked: being my frnd y r u clearing my beautiful footprints? Waves replied: A fox was following ur footprints to catch you! thats y i cleared it off:) frndsship never lets u dwn :-) GUD nyt..,0
sms_3042,Aight what time you want me to come up?,0
sms_3043,Slaaaaave ! Where are you ? Must I summon you to me all the time now ? Don't you wish to come to me on your own anymore?,0
sms_3044,Your bill at 3 is £33.65 so thats not bad!,0
sms_3045,Let me know how it changes in the next 6hrs. It can even be appendix but you are out of that age range. However its not impossible. So just chill and let me know in 6hrs,0
sms_3047,So how's the weather over there?,0
sms_3048,"Ok. Not much to do here though. H&M Friday, cant wait. Dunno wot the hell im gonna do for another 3 weeks! Become a slob- oh wait, already done that!",0
sms_3049,Die... Now i have e toot fringe again...,0
sms_3052,"Awesome question with a cute answer: Someone asked a boy ""how is ur life?"" . . He smiled &amp; answered: . . ""She is fine!"" Gudnite",0
sms_3053,Please leave this topic..sorry for telling that..,0
sms_3056,EASTENDERS TV Quiz. What FLOWER does DOT compare herself to? D= VIOLET E= TULIP F= LILY txt D E or F to 84025 NOW 4 chance 2 WIN £100 Cash WKENT/150P16+,1
sms_3058,Just woke up. Yeesh its late. But I didn't fall asleep til &lt;#&gt; am :/,0
sms_3060,"Dear all, as we know  &lt;#&gt; th is the  &lt;#&gt; th birthday of our loving Gopalettan. We are planning to give a small gift on that day. Those who like to participate in that you are welcome. Please contact our admin team for more details",0
sms_3062,What u talking bout early morning? It's almost noon where your at!,0
sms_3067,Get a brand new mobile phone by being an agent of The Mob! Plus loads more goodies! For more info just text MAT to 87021.,1
sms_3068,Ok. So april. Cant wait,0
sms_3070,Ay wana meet on sat?ü wkg on sat?,0
sms_3071,I'm now but have to wait till 2 for the bus to pick me.,0
sms_3072,Apart from the one i told you about yesterday?,0
sms_3075,Don know. I did't msg him recently.,0
sms_3076,Take us out shopping and Mark will distract Isaiah.=D,0
sms_3079,Okay but i thought you were the expert,0
sms_3083,"And very importantly, all we discuss is between u and i only.",0
sms_3084,K..k:)how about your training process?,0
sms_3087,I wish that I was with you. Holding you tightly. Making you see how important you are. How much you mean to me ... How much I need you ... In my life ...,0
sms_3089,"'Wnevr i wana fal in luv vth my books, My bed fals in luv vth me..!'' . Yen madodu, nav pretsorginta, nammanna pretsovru important alwa....!!:) Gud eveB-).",0
sms_3090,What Today-sunday..sunday is holiday..so no work..,0
sms_3091,Am going to take bath ill place the key in window:-),0
sms_3093,"Dear, take care. I am just reaching home.love u a lot.",0
sms_3094,staff.science.nus.edu.sg/~phyhcmk/teaching/pc1323,0
sms_3095,Have you emigrated or something? Ok maybe 5.30 was a bit hopeful...,0
sms_3096,Olol i printed out a forum post by a guy with the exact same  prob which was fixed with a gpu replacement. Hopefully they dont ignore that.,0
sms_3097,We walked from my moms. Right on stagwood pass right on winterstone left on victors hill. Address is &lt;#&gt;,0
sms_3099,This is all just creepy and crazy to me.,0
sms_3100,Ok... I din get ur msg...,0
sms_3101,Tessy..pls do me a favor. Pls convey my birthday wishes to Nimya..pls dnt forget it. Today is her birthday Shijas,0
sms_3104,"U so lousy, run already come back then half dead... Hee...",0
sms_3105,That's y i said it's bad dat all e gals know u... Wat u doing now?,0
sms_3107,"I had been hoping i would not have to send you this message. My rent is due and i dont have enough for it. My reserves are completely gone. Its a loan i need and was hoping you could her. The balance is  &lt;#&gt; . Is there a way i could get that from you, till mid march when i hope to pay back.",0
sms_3109,Hello hun how ru? Its here by the way. Im good. Been on 2 dates with that guy i met in walkabout so far. We have to meet up soon. Hows everyone else?,0
sms_3111,Good Luck! Draw takes place 28th Feb 06. Good Luck! For removal send STOP to 87239 customer services 08708034412,1
sms_3112,"Short But Cute : "" Be a good person , but dont try to prove"" ..... Gud mrng...",0
sms_3119,R u saying i should re order the slippers cos i had to pay for returning it.,0
sms_3120,Stop knowing me so well!,0
sms_3121,Good evening! this is roger. How are you?,0
sms_3123,Free entry in 2 a weekly comp for a chance to win an ipod. Txt POD to 80182 to get entry (std txt rate) T&C's apply 08452810073 for details 18+,1
sms_3125,My uncles in Atlanta. Wish you guys a great semester.,0
sms_3126,1st wk FREE! Gr8 tones str8 2 u each wk. Txt NOKIA ON to 8007 for Classic Nokia tones or HIT ON to 8007 for Polys. Nokia/150p Poly/200p 16+,1
sms_3127,U coming 2 pick me?,0
sms_3130,"Haha better late than ever, any way I could swing by?",0
sms_3131,Ok. But i finish at 6.,0
sms_3132,"LookAtMe!: Thanks for your purchase of a video clip from LookAtMe!, you've been charged 35p. Think you can do better? Why not send a video in a MMSto 32323.",1
sms_3133,I've been barred from all B and Q stores for life!?This twat in orange dungerees came up to me and asked if I wanted decking? So I got the first punch in!!,0
sms_3134,So no messages. Had food?,0
sms_3136,Wat makes some people dearer is not just de happiness dat u feel when u meet them but de pain u feel when u miss dem!!!,0
sms_3138,You're right I have now that I think about it,0
sms_3139,Wat r u doing now?,0
sms_3140,Is ur lecture over?,0
sms_3141,sexy sexy cum and text me im wet and warm and ready for some porn! u up for some fun? THIS MSG IS FREE RECD MSGS 150P INC VAT 2 CANCEL TEXT STOP,1
sms_3142,Customer place i will call you,0
sms_3145,"Haha I heard that, text me when you're around",0
sms_3146,I.ll get there tomorrow and send it to you,0
sms_3147,"SHIT BABE.. THASA BIT MESSED UP.YEH, SHE SHUDVETOLD U. DID URGRAN KNOW?NEWAY, ILLSPEAK 2 U2MORO WEN IM NOT ASLEEP...",0
sms_3148,Oh thats late! Well have a good night and i will give u a call tomorrow. Iam now going to go to sleep night night,0
sms_3153,Hard LIVE 121 chat just 60p/min. Choose your girl and connect LIVE. Call 09094646899 now! Cheap Chat UK's biggest live service. VU BCM1896WC1N3XX,1
sms_3154,I tagged MY friends that you seemed to count as YOUR friends.,0
sms_3156,Ok...,0
sms_3157,Long time. You remember me today.,0
sms_3159,Thank u. IT BETTER WORK OUT CAUSE I WILL FEEL USED OTHERWISE,0
sms_3160,Are you up for the challenge? I know i am :),0
sms_3161,How much did ur hdd casing cost.,0
sms_3162,Mystery solved! Just opened my email and he's sent me another batch! Isn't he a sweetie,0
sms_3163,I can't describe how lucky you are that I'm actually awake by noon,0
sms_3165,"TODAY is Sorry day.! If ever i was angry with you, if ever i misbehaved or hurt you? plz plz JUST SLAP URSELF Bcoz, Its ur fault, I'm basically GOOD",0
sms_3166,Cheers for the card ... Is it that time of year already?,0
sms_3167,"HOT LIVE FANTASIES call now 08707509020 Just 20p per min NTT Ltd, PO Box 1327 Croydon CR9 5WB 0870..k",1
sms_3168,"When people see my msgs, They think Iam addicted to msging... They are wrong, Bcoz They don\'t know that Iam addicted to my sweet Friends..!! BSLVYL",0
sms_3172,Still otside le..u come 2morrow maga..,0
sms_3173,Do u still have plumbers tape and a wrench we could borrow?,0
sms_3175,It vl bcum more difficult..,0
sms_3177,Havent still waitin as usual... Ü come back sch oredi?,0
sms_3180,Does cinema plus drink appeal tomo? * Is a fr thriller by director i like on at mac at 8.30.,0
sms_3181,There the size of elephant tablets & u shove um up ur ass!!,0
sms_3182,"So many people seems to be special at first sight, But only very few will remain special to you till your last sight.. Maintain them till life ends.. take cr da",0
sms_3183,"My Parents, My Kidz, My Friends n My Colleagues. All screaming.. SURPRISE !! and I was waiting on the sofa.. ... ..... ' NAKED...!",0
sms_3184,Dunno i juz askin cos i got a card got 20% off 4 a salon called hair sense so i tot it's da one ü cut ur hair.,0
sms_3185,Good morning pookie pie! Lol hope I didn't wake u up,0
sms_3186,MAYBE IF YOU WOKE UP BEFORE FUCKING 3 THIS WOULDN'T BE A PROBLEM.,0
sms_3187,Happy birthday to you....dear.with lots of love.rakhesh NRI,0
sms_3188,Howz that persons story,0
sms_3189,"This is the 2nd time we have tried 2 contact u. U have won the 750 Pound prize. 2 claim is easy, call 08712101358 NOW! Only 10p per min. BT-national-rate",1
sms_3190,X2  &lt;#&gt; . Are you going to get that,0
sms_3191,Hi neva worry bout da truth coz the truth will lead me 2 ur heart. Its the least a unique person like u deserve. Sleep tight or morning,0
sms_3193,Is ur paper today in e morn or aft?,0
sms_3194,I will lick up every drop :) are you ready to use your mouth as well?,0
sms_3198,So its to be poking man everyday that they teach you in canada abi! How are you. Just saying hi.,0
sms_3199,7 lor... Change 2 suntec... Wat time u coming?,0
sms_3200,No de.am seeing in online shop so that i asked.,0
sms_3201,Just curious because my cuz asked what I was up to,0
sms_3202,Nice.nice.how is it working?,0
sms_3203,Okay lor... Wah... like that def they wont let us go... Haha... What did they say in the terms and conditions?,0
sms_3206,"Oh, yes, I've just been a little under the weather so i've kind of been coccooning at home",0
sms_3208,This phone has the weirdest auto correct.,0
sms_3209,Oops my phone died and I didn't even know. Yeah I like it better.,0
sms_3218,Come to mahal bus stop.. &lt;DECIMAL&gt;,0
sms_3219,Don know:)this week i'm going to tirunelvai da.,0
sms_3221,Its like that hotel dusk game i think. You solve puzzles in a area thing,0
sms_3222,"Thanks for your ringtone order, reference number X29. Your mobile will be charged 4.50. Should your tone not arrive please call customer services 09065989180",1
sms_3223,"Hi, my love! How goes that day? Fuck, this morning I woke and dropped my cell on the way down the stairs but it seems alright ... *phews* I miss you !",0
sms_3226,I need... Coz i never go before,0
sms_3227,"Rose for red,red for blood,blood for heart,heart for u. But u for me.... Send tis to all ur friends.. Including me.. If u like me.. If u get back, 1-u r poor in relation! 2-u need some 1 to support 3-u r frnd 2 many 4-some1 luvs u 5+- some1 is praying god to marry u.:-) try it....",0
sms_3229,"SIX chances to win CASH! From 100 to 20,000 pounds txt> CSH11 and send to 87575. Cost 150p/day, 6days, 16+ TsandCs apply Reply HL 4 info",1
sms_3230,Ur cash-balance is currently 500 pounds - to maximize ur cash-in now send COLLECT to 83600 only 150p/msg. CC: 08718720201 PO BOX 114/14 TCR/W1,1
sms_3231,"I feel like a dick because I keep sleeping through your texts and facebook messages. Sup, you in town?",0
sms_3232,No plm i will come da. On the way.,0
sms_3234,Height of recycling: Read twice- People spend time for earning money and the same money is spent for spending time!;-) Good morning.. keep smiling:-),0
sms_3236,"Yes, princess. Toledo.",0
sms_3237,"Aight text me when you're back at mu and I'll swing by, need somebody to get the door for me",0
sms_3238,Ron say fri leh. N he said ding tai feng cant make reservations. But he said wait lor.,0
sms_3239,Good. No swimsuit allowed :),0
sms_3241,"A cute thought for friendship: ""Its not necessary to share every secret with ur close Frnd, but watever u shared should be true""....",0
sms_3242,Ok i've sent u da latest version of da project.,0
sms_3243,Good Morning my Dear........... Have a great &amp; successful day.,0
sms_3244,Pls accept me for one day. Or am begging you change the number.,0
sms_3247,"Funny fact Nobody teaches volcanoes 2 erupt, tsunamis 2 arise, hurricanes 2 sway aroundn no 1 teaches hw 2 choose a wife Natural disasters just happens",0
sms_3248,* You gonna ring this weekend or wot?,0
sms_3249,Also track down any lighters you can find,0
sms_3250,"Sorry, I can't help you on this.",0
sms_3252,"I‘ll leave around four, ok?",0
sms_3253,Come to medical college at 7pm ......forward it da,0
sms_3254,K:)k..its good:)when are you going?,0
sms_3256,HI ITS KATE CAN U GIVE ME A RING ASAP XXX,0
sms_3257,Who were those people ? Were you in a tour ? I thought you were doing that sofa thing you sent me ? Your curious sugar,0
sms_3259,He fucking chickened out. He messaged me he would be late and woould buzz me and then I didn't hear a word from him,0
sms_3261,I'm always looking for an excuse to be in the city.,0
sms_3262,Yup i'm still having coffee wif my frens... My fren drove she'll give me a lift...,0
sms_3263,O shore are you takin the bus,0
sms_3265,I will send them to your email. Do you mind  &lt;#&gt;  times per night?,0
sms_3266,"44 7732584351, Do you want a New Nokia 3510i colour phone DeliveredTomorrow? With 300 free minutes to any mobile + 100 free texts + Free Camcorder reply or call 08000930705.",1
sms_3267,tap & spile at seven. * Is that pub on gas st off broad st by canal. Ok?,0
sms_3268,Ok then i come n pick u at engin?,0
sms_3269,Which is why i never wanted to tell you any of this. Which is why i'm so short with you and on-edge as of late.,0
sms_3270,Raviyog Peripherals bhayandar east,0
sms_3272,You have 1 new voicemail. Please call 08719181513.,1
sms_3273,"MOON has come to color your dreams, STARS to make them musical and my SMS to give you warm and Peaceful Sleep. Good Night",0
sms_3274,Just finished eating. Got u a plate. NOT leftovers this time.,0
sms_3276,Hurry home u big butt. Hang up on your last caller if u have to. Food is done and I'm starving. Don't ask what I cooked.,0
sms_3277,Lol your right. What diet? Everyday I cheat anyway. I'm meant to be a fatty :(,0
sms_3282,I tot it's my group mate... Lucky i havent reply... Wat time do ü need to leave...,0
sms_3284,Hey tmr maybe can meet you at yck,0
sms_3285,ALRITE SAM ITS NIC JUST CHECKIN THAT THIS IS UR NUMBER-SO IS IT?T.B*,0
sms_3286,They are just making it easy to pay back. I have  &lt;#&gt; yrs to say but i can pay back earlier. You get?,0
sms_3287,Not to worry. I'm sure you'll get it.,0
sms_3290,Camera - You are awarded a SiPix Digital Camera! call 09061221066 fromm landline. Delivery within 28 days,1
sms_3291,My tuition is at 330. Hm we go for the 1120 to 1205 one? Do you mind?,0
sms_3292,"I'm not smoking while people use ""wylie smokes too much"" to justify ruining my shit",0
sms_3294,A little. Meds say take once every 8 hours. It's only been 5 but pain is back. So I took another. Hope I don't die,0
sms_3295,"Beautiful tomorrow never comes.. When it comes, it's already TODAY.. In the hunt of beautiful tomorrow don't waste your wonderful TODAY.. GOODMORNING:)",0
sms_3297,Hi there. We have now moved in2 our pub . Would be great 2 c u if u cud come up.,0
sms_3298,Todays Voda numbers ending 5226 are selected to receive a ?350 award. If you hava a match please call 08712300220 quoting claim code 1131 standard rates app,1
sms_3299,This message is free. Welcome to the new & improved Sex & Dogging club! To unsubscribe from this service reply STOP. msgs@150p 18 only,1
sms_3300,"Honeybee Said: *I'm d Sweetest in d World* God Laughed &amp; Said: *Wait,U Havnt Met d Person Reading This Msg* MORAL: Even GOD Can Crack Jokes! GM+GN+GE+GN:)",0
sms_3302,RCT' THNQ Adrian for U text. Rgds Vatian,1
sms_3303,Stop calling everyone saying I might have cancer. My throat hurts to talk. I can't be answering everyones calls. If I get one more call I'm not babysitting on Monday,0
sms_3306,Ee msg na poortiyagi odalebeku: Hanumanji 7 name 1-Hanuman 2-Bajarangabali 3-Maruti 4-Pavanaputra 5-Sankatmochan 6-Ramaduth 7-Mahaveer ee 7 name  &lt;#&gt;  janarige ivatte kalisidare next saturday olage ondu good news keluviri...! Maretare inde 1 dodda problum nalli siguviri idu matra  &lt;#&gt; % true.. Don't neglet.,0
sms_3308,"Set a place for me in your heart and not in your mind, as the mind easily forgets but the heart will always remember. Wish you Happy Valentines Day!",0
sms_3309,But i'm surprised she still can guess right lor...,0
sms_3312,HI DARLIN HOW WAS WORK DID U GET INTO TROUBLE? IJUST TALKED TO YOUR MUM ALL MORNING! I HAD A REALLY GOOD TIME LAST NIGHT IM GOIN OUT SOON BUT CALL ME IF U CAN,0
sms_3315,Oh gei. That happend to me in tron. Maybe ill dl it in 3d when its out,0
sms_3319,I'm freezing and craving ice. Fml,0
sms_3322,Yo im right by yo work,0
sms_3323,Ok darlin i supose it was ok i just worry too much.i have to do some film stuff my mate and then have to babysit again! But you can call me there.xx,0
sms_3325,I don wake since. I checked that stuff and saw that its true no available spaces. Pls call the embassy or send a mail to them.,0
sms_3327,Huh so fast... Dat means u havent finished painting?,0
sms_3328,what number do u live at? Is it 11?,0
sms_3331,Send me yetty's number pls.,0
sms_3332,How much it will cost approx . Per month.,0
sms_3333,Ok... The theory test? when are ü going to book? I think it's on 21 may. Coz thought wanna go out with jiayin. But she isnt free,0
sms_3337,Then u go back urself lor...,0
sms_3338,I AM AT THE GAS STATION. GO THERE.,0
sms_3341,"Like I made him throw up when we were smoking in our friend's car one time, it was awesome",0
sms_3342,Still i have not checked it da. . .,0
sms_3343,You will go to walmart. I.ll stay.,0
sms_3346,Reverse is cheating. That is not mathematics.,0
sms_3349,"Sorry, I'll call later",0
sms_3350,Oh is it! Which brand?,0
sms_3351,Sorry i cant take your call right now. It so happens that there r 2waxsto do wat you want. She can come and ill get her medical insurance. And she'll be able to deliver and have basic care. I'm currently shopping for the right medical insurance for her. So just give me til friday morning. Thats when i.ll see the major person that can guide me to the right insurance.,0
sms_3352,At what time are you coming.,0
sms_3353,Call him and say you not coming today ok and tell them not to fool me like this ok,0
sms_3354,I emailed yifeng my part oredi.. Can ü get it fr him..,0
sms_3355,R u sure they'll understand that! Wine * good idea just had a slurp!,0
sms_3357,Ok not a problem will get them a taxi. C ing  tomorrow and tuesday. On tuesday think we r all going to the cinema.,0
sms_3359,I don't run away frm u... I walk slowly &amp; it kills me that u don't care enough to stop me...,0
sms_3360,Sorry I missed your call let's talk when you have the time. I'm on 07090201529,1
sms_3363,No messages on her phone. I'm holding it now,0
sms_3364,Can... I'm free...,0
sms_3365,"Yo my trip got postponed, you still stocked up?",0
sms_3366,"Sorry, I'll call later",0
sms_3367,I am waiting for your call sir.,0
sms_3368,Hey what are you doing. Y no reply pa..,0
sms_3369,"Hey elaine, is today's meeting still on?",0
sms_3373,And now electricity just went out fml.,0
sms_3374,"Looks like you found something to do other than smoke, great job!",0
sms_3375,Also andros ice etc etc,0
sms_3376,:),0
sms_3377,"Good afternon, my love. How are today? I hope your good and maybe have some interviews. I wake and miss you babe. A passionate kiss from across the sea",0
sms_3378,Yup. Wun believe wat? U really neva c e msg i sent shuhui?,0
sms_3381,Just finished. Missing you plenty,0
sms_3382,"complimentary 4 STAR Ibiza Holiday or £10,000 cash needs your URGENT collection. 09066364349 NOW from Landline not to lose out! Box434SK38WP150PPM18+",1
sms_3384,K... Must book a not huh? so going for yoga basic on sunday?,0
sms_3386,Ok can...,0
sms_3387,"Oops - am at my mum's in somerset... Bit far! Back tomo, see you soon x",0
sms_3388,So u workin overtime nigpun?,0
sms_3390,O. Guess they both got screwd,0
sms_3393,What r u cooking me for dinner?,0
sms_3395,Bull. Your plan was to go floating off to IKEA with me without a care in the world. So i have to live with your mess another day.,0
sms_3396,Then i buy.,0
sms_3397,URGENT! Your Mobile number has been awarded with a £2000 Bonus Caller Prize. Call 09058095201 from land line. Valid 12hrs only,1
sms_3398,Heehee that was so funny tho,0
sms_3403,"'An Amazing Quote'' - ""Sometimes in life its difficult to decide whats wrong!! a lie that brings a smile or the truth that brings a tear....""",0
sms_3405,Then ü ask dad to pick ü up lar... Ü wan 2 stay until 6 meh...,0
sms_3406,"Jus chillaxin, what up",0
sms_3407,HEY DAS COOL... IKNOW ALL 2 WELLDA PERIL OF STUDENTFINANCIAL CRISIS!SPK 2 U L8R.,0
sms_3408,"Beautiful Truth against Gravity.. Read carefully: ""Our heart feels light when someone is in it.. But it feels very heavy when someone leaves it.."" GOODMORNING",0
sms_3410,"Whats that coming over the hill..... Is it a monster! Hope you have a great day. Things r going fine here, busy though!",0
sms_3413,No she didnt. I will search online and let you know.,0
sms_3414,Where do you need to go to get it?,0
sms_3415,No pic. Please re-send.,0
sms_3416,He remains a bro amongst bros,0
sms_3419,LIFE has never been this much fun and great until you came in. You made it truly special for me. I won't forget you! enjoy @ one gbp/sms,1
sms_3420,Do you want a new Video phone? 600 anytime any network mins 400 Inclusive Video calls AND downloads 5 per week Free delTOMORROW call 08002888812 or reply NOW,1
sms_3423,Freemsg: 1-month unlimited free calls! Activate SmartCall Txt: CALL to No: 68866. Subscriptn3gbp/wk unlimited calls Help: 08448714184 Stop?txt stop landlineonly,1
sms_3424,Had your mobile 10 mths? Update to latest Orange camera/video phones for FREE. Save £s with Free texts/weekend calls. Text YES for a callback orno to opt out,1
sms_3426,True. Its easier with her here.,0
sms_3427,Sure but since my parents will be working on Tuesday I don't really need a cover story,0
sms_3429,Hi darlin did youPhone me? Im atHome if youwanna chat.,0
sms_3431,You've always been the brainy one.,0
sms_3432,Yeah if we do have to get a random dude we need to change our info sheets to PARTY  &lt;#&gt; /7 NEVER STUDY just to be safe,0
sms_3433,Camera - You are awarded a SiPix Digital Camera! call 09061221066 fromm landline. Delivery within 28 days.,1
sms_3434,"Christmas is An occasion that is Celebrated as a Reflection of UR... Values..., Desires..., Affections...&amp; Traditions.... Have an ideal Christmas...",0
sms_3435,Sending you greetings of joy and happiness. Do have a gr8 evening,0
sms_3436,Hi darlin i cantdo anythingtomorrow as myparents aretaking me outfor a meal. when are u free? Katexxx,0
sms_3437,If india win or level series means this is record:),0
sms_3438,Then what about further plan?,0
sms_3440,"awesome, how do I deal with the gate? Charles told me last night but, uh, yeah",0
sms_3442,Get a FREE mobile video player FREE movie. To collect text GO to 89105. Its free! Extra films can be ordered t's and c's apply. 18 yrs only,1
sms_3443,Save money on wedding lingerie at www.bridal.petticoatdreams.co.uk Choose from a superb selection with national delivery. Brought to you by WeddingFriend,1
sms_3444,Your board is working fine. The issue of overheating is also reslove. But still software inst is pending. I will come around 8'o clock.,0
sms_3445,Yes but I don't care cause I know its there!,0
sms_3446,"wiskey Brandy Rum Gin Beer Vodka Scotch Shampain Wine ""KUDI""yarasu dhina vaazhthukkal. ..",0
sms_3448,Sitting ard nothing to do lor. U leh busy w work?,0
sms_3449,Its  &lt;#&gt; k here oh. Should i send home for sale.,0
sms_3450,Sorry. || mail? ||,0
sms_3452,Yes we were outside for like 2 hours. And I called my whole family to wake them up cause it started at 1 am,0
sms_3453,Ugh just got outta class,0
sms_3455,I dont have any of your file in my bag..i was in work when you called me.i 'll tell you if i find anything in my room.,0
sms_3457,Ok. I.ll do you right later.,0
sms_3459,Have your lunch and come quickly and open the door:),0
sms_3460,Not heard from U4 a while. Call me now am here all night with just my knickers on. Make me beg for it like U did last time 01223585236 XX Luv Nikiyu4.net,1
sms_3464,i am seeking a lady in the street and a freak in the sheets. Is that you?,0
sms_3465,My phone,0
sms_3466,"Haha figures, well I found the piece and priscilla's bowl",0
sms_3467,"Actually fuck that, just do whatever, do find an excuse to be in tampa at some point before january though",0
sms_3470,All day working day:)except saturday and sunday..,0
sms_3471,aathi..where are you dear..,0
sms_3472,Heart is empty without love.. Mind is empty without wisdom.. Eyes r empty without dreams &amp; Life is empty without frnds.. So Alwys Be In Touch. Good night &amp; sweet dreams,0
sms_3474,You getting back any time soon?,0
sms_3476,"Night has ended for another day, morning has come in a special way. May you smile like the sunny rays and leaves your worries at the blue blue bay. Gud mrng",0
sms_3477,"I can probably come by, everybody's done around  &lt;#&gt;  right?",0
sms_3478,I got it before the new year cos yetunde said she wanted to surprise you with it but when i didnt see money i returned it mid january before the  &lt;#&gt; day return period ended.,0
sms_3479,I can ask around but there's not a lot in terms of mids up here,0
sms_3483,Do you want a NEW video phone750 anytime any network mins 150 text for only five pounds per week call 08000776320 now or reply for delivery tomorrow,1
sms_3487,"Yeah, probably earlier than that",0
sms_3489,Still i have not checked it da. . .,0
sms_3491,Huh but i got lesson at 4 lei n i was thinkin of going to sch earlier n i tot of parkin at kent vale...,0
sms_3492,Ok.,0
sms_3493,I will reach office around  &lt;DECIMAL&gt; . &amp; my mobile have problem. You cann't get my voice. So call you asa i'll free,0
sms_3494,"Cool, text me when you head out",0
sms_3495,"You are being contacted by our dating service by someone you know! To find out who it is, call from a land line 09050000878. PoBox45W2TG150P",1
sms_3496,"Wan2 win a Meet+Greet with Westlife 4 U or a m8? They are currently on what tour? 1)Unbreakable, 2)Untamed, 3)Unkempt. Text 1,2 or 3 to 83049. Cost 50p +std text",1
sms_3497,Happy birthday... May u find ur prince charming soon n dun work too hard...,0
sms_3500,I hope you arnt pissed off but id would really like to see you tomorrow. Love me xxxxxxxxxxxxxX,0
sms_3502,says the  &lt;#&gt;  year old with a man and money. I'm down to my last  &lt;#&gt; . Still waiting for that check.,0
sms_3503,I will come to ur home now,0
sms_3508,"Two fundamentals of cool life: ""Walk, like you are the KING""...! OR ""Walk like you Dont care,whoever is the KING""!... Gud nyt",0
sms_3509,"Camera quite good, 10.1mega pixels, 3optical and 5digital dooms. Have a lovely holiday, be safe and i hope you hav a good journey! Happy new year to you both! See you in a couple of weeks!",0
sms_3510,Hi Petey!noim ok just wanted 2 chat coz avent spoken 2 u 4 a long time-hope ur doin alrite.have good nit at js love ya am.x,0
sms_3511,I just saw ron burgundy captaining a party boat so yeah,0
sms_3513,Already one guy loving you:-.,0
sms_3514,Staff of placement training in Amrita college.,0
sms_3516,I'm job profile seems like bpo..,0
sms_3517,"Well, I was about to give up cos they all said no they didn‘t do one nighters. I persevered and found one but it is very cheap so i apologise in advance. It is just somewhere to sleep isnt it?",0
sms_3518,"So you think i should actually talk to him? Not call his boss in the morning? I went to this place last year and he told me where i could go and get my car fixed cheaper. He kept telling me today how much he hoped i would come back in, how he always regretted not getting my number, etc.",0
sms_3522,Hey... are you going to quit soon? Xuhui and i working till end of the month,0
sms_3524,Try neva mate!!,0
sms_3525,Yeah that'd pretty much be the best case scenario,0
sms_3526,I not free today i haf 2 pick my parents up tonite...,0
sms_3527,"HEY BABE! FAR 2 SPUN-OUT 2 SPK AT DA MO... DEAD 2 DA WRLD. BEEN SLEEPING ON DA SOFA ALL DAY, HAD A COOL NYTHO, TX 4 FONIN HON, CALL 2MWEN IM BK FRMCLOUD 9! J X",0
sms_3528,Should i send you naughty pix? :),0
sms_3531,"Tyler (getting an 8th) has to leave not long after 9, can you get here in like an hour?",0
sms_3534,"Sorry, I'll call later",0
sms_3535,Good evening! How are you?,0
sms_3536,I'm at home. Please call,0
sms_3537,Oic cos me n my sis got no lunch today my dad went out... So dunno whether 2 eat in sch or wat...,0
sms_3541,"I'll get there at 3, unless you guys want me to come some time sooner",0
sms_3542,If you are not coughing then its nothing,0
sms_3544,I'm e person who's doing e sms survey...,0
sms_3546,Thank You meet you monday,0
sms_3547,SO IS TH GOWER MATE WHICH IS WHERE I AM!?! HOW R U MAN? ALL IS GOOD IN WALES ILL B BACK MORROW. C U THIS WK? WHO WAS THE MSG 4?  RANDOM!,0
sms_3548,"Rock yr chik. Get 100's of filthy films &XXX pics on yr phone now. rply FILTH to 69669. Saristar Ltd, E14 9YT 08701752560. 450p per 5 days. Stop2 cancel",1
sms_3549,"Single line with a big meaning::::: ""Miss anything 4 ur ""Best Life"" but, don't miss ur best life for anything... Gud nyt...",0
sms_3550,"I got like $ &lt;#&gt; , I can get some more later though. Get whatever you feel like",0
sms_3552,I love you both too :-),0
sms_3553,Lol u still feeling sick?,0
sms_3554,Din i tell u jus now 420,0
sms_3555,am up to my eyes in philosophy,0
sms_3556,From next month get upto 50% More Calls 4 Ur standard network charge 2 activate Call 9061100010 C Wire3.net 1st4Terms PoBox84 M26 3UZ Cost £1.50 min MobcudB more,1
sms_3558,I had it already..sabarish asked me to go..,0
sms_3559,No da. . Vijay going to talk in jaya tv,0
sms_3560,URGENT! We are trying to contact U Todays draw shows that you have won a £800 prize GUARANTEED. Call 09050000460 from land line. Claim J89. po box245c2150pm,1
sms_3562,Text BANNEDUK to 89555 to see! cost 150p textoperator g696ga 18+ XXX,1
sms_3566,"We know TAJ MAHAL as symbol of love. But the other lesser known facts 1. Mumtaz was Shahjahan's 4th wife, out of his 7 wifes. 2. Shahjahan killed Mumtaz's husband to marry her. 3. Mumtaz died in her  &lt;#&gt; th delivery. 4. He then married Mumtaz's sister. Question arises where the Hell is the LOVE?:-| -The Great Hari-",0
sms_3570,She's fine. Sends her greetings,0
sms_3571,Customer Loyalty Offer:The NEW Nokia6650 Mobile from ONLY £10 at TXTAUCTION! Txt word: START to No: 81151 & get yours Now! 4T&Ctxt TC 150p/MTmsg,1
sms_3575,Yeah sure I'll leave in a min,0
sms_3576,And do you have any one that can teach me how to ship cars.,0
sms_3577,"The sign of maturity is not when we start saying big things.. But actually it is, when we start understanding small things... *HAVE A NICE EVENING* BSLVYL",0
sms_3578,Yeah confirmed for you staying at  that weekend,0
sms_3579,They said ü dun haf passport or smth like dat.. Or ü juz send to my email account..,0
sms_3582,Ard 4 lor...,0
sms_3584,I sent your maga that money yesterday oh.,0
sms_3586,Heart is empty without love.. Mind is empty without wisdom.. Eyes r empty without dreams &amp; Life is empty without frnds.. So Alwys Be In Touch. Good night &amp; sweet dreams,0
sms_3588,Our ride equally uneventful - not too many of those pesky cyclists around at that time of night ;).,0
sms_3590,I've sent my wife your text. After we buy them she'll tell you what to do. So just relax. We should go get them this wkend.,0
sms_3592,How much would it cost to hire a hitman,0
sms_3594,"Sorry, I'll call later",0
sms_3595,Do you want a New Nokia 3510i Colour Phone Delivered Tomorrow? With 200 FREE minutes to any mobile + 100 FREE text + FREE camcorder Reply or Call 08000930705,1
sms_3596,Huh but i cant go 2 ur house empty handed right?,0
sms_3597,Good morning princess! Happy New Year!,0
sms_3599,"Aight, we'll head out in a few",0
sms_3602,"Jay told me already, will do",0
sms_3603,Cps is causing the outages to conserve energy.,0
sms_3604,"I'm not sure, I was just checking out what was happening around the area",0
sms_3605,Hey morning what you come to ask:-) pa...,0
sms_3607,"That means you got an A in epi, she.s fine. She.s here now.",0
sms_3608,I have no idea where you are,0
sms_3609,Pls come quick cant bare this.,0
sms_3614,Depends on individual lor e hair dresser say pretty but my parents say look gong. U kaypoh.. I also dunno wat she collecting.,0
sms_3615,Ok c ü then.,0
sms_3616,I enjoy watching and playing football and basketball. Anything outdoors. And you?,0
sms_3617,"Can you please ask macho what his price range is, does he want something new or used plus it he only interfued in the blackberry bold  &lt;#&gt;  or any bb",0
sms_3618,Sorry sent blank msg again. Yup but trying 2 do some serious studying now.,0
sms_3619,Hey check it da. I have listed da.,0
sms_3620,8007 25p 4 Alfie Moon's Children in Need song on ur mob. Tell ur m8s. Txt TONE CHARITY to 8007 for nokias or POLY CHARITY for polys :zed 08701417012 profit 2 charity,1
sms_3623,Goin to workout lor... Muz lose e fats...,0
sms_3624,"Damn, poor zac doesn't stand a chance",0
sms_3627,Yeah right! I'll bring my tape measure fri!,0
sms_3630,Should I head straight there or what,0
sms_3631,Get the official ENGLAND poly ringtone or colour flag on yer mobile for tonights game! Text TONE or FLAG to 84199. Optout txt ENG STOP Box39822 W111WX £1.50,1
sms_3632,Thank you princess! You are so sexy...,0
sms_3634,Hui xin is in da lib.,0
sms_3635,Its a big difference.  &lt;#&gt;  versus  &lt;#&gt;  every  &lt;#&gt; hrs,0
sms_3638,You know what hook up means right?,0
sms_3639,"Customer service announcement. We recently tried to make a delivery to you but were unable to do so, please call 07090298926 to re-schedule. Ref:9307622",1
sms_3642,"You can stop further club tones by replying ""STOP MIX"" See my-tone.com/enjoy. html for terms. Club tones cost GBP4.50/week. MFL, PO Box 1146 MK45 2WT (2/3)",1
sms_3645,* Thought I didn't see you.,0
sms_3646,wamma get laid?want real doggin locations sent direct to your mobile? join the UKs largest dogging network. txt dogs to 69696 now!nyt. ec2a. 3lp £1.50/msg.,1
sms_3647,Carlos says we can pick up from him later so yeah we're set,0
sms_3649,As per your request 'Maangalyam (Alaipayuthe)' has been set as your callertune for all Callers. Press *9 to copy your friends Callertune,0
sms_3650,Hmm ill have to think about it... ok you're forgiven! =D,0
sms_3651,"We are hoping to get away by 7, from Langport. You still up for town tonight?",0
sms_3653,"Probably not, still going over some stuff here",0
sms_3654,It has issues right now. Ill fix for her by tomorrow.,0
sms_3657,Oh really?? Did you make it on air? What's your talent?,0
sms_3658,Studying. But i.ll be free next weekend.,0
sms_3661,I will reach ur home in  &lt;#&gt;  minutes,0
sms_3664,"Frnd s not juz a word.....not merely a relationship.....its a silent promise which says ... "" I will be with YOU "" Wherevr.. Whenevr.. Forevr... Gudnyt dear..",0
sms_3669,Thanks for loving me so. You rock,0
sms_3670,Yeah imma come over cause jay wants to do some drugs,0
sms_3671,Ok thanx... Take care then...,0
sms_3673,"came to look at the flat, seems ok, in his 50s? * Is away alot wiv work. Got woman coming at 6.30 too.",0
sms_3674,Moji just informed me that you saved our lives. Thanks.,0
sms_3675,You have won a Nokia 7250i. This is what you get when you win our FREE auction. To take part send Nokia to 86021 now. HG/Suite342/2Lands Row/W1JHL 16+,1
sms_3676,Whos this am in class:-),0
sms_3678,Great! So what attracts you to the brothas?,0
sms_3679,Promotion Number: 8714714 - UR awarded a City Break and could WIN a £200 Summer Shopping spree every WK. Txt STORE to 88039 . SkilGme. TsCs087147403231Winawk!Age16 £1.50perWKsub,1
sms_3680,Stupid.its not possible,0
sms_3681,I cant pick the phone right now. Pls send a message,0
sms_3685,Dad says hurry the hell up,0
sms_3687,"I get out of class in bsn in like  &lt;#&gt;  minutes, you know where advising is?",0
sms_3689,I'll meet you in the lobby,0
sms_3691,What happen dear tell me,0
sms_3694,I was about to do it when i texted. I finished a long time ago and showered and er'ything!,0
sms_3696,"Hello, As per request from  &lt;#&gt;  Rs.5 has been transfered to you",0
sms_3697,I am in tirupur.  call you da.,0
sms_3698,You are a winner you have been specially selected to receive £1000 cash or a £2000 award. Speak to a live operator to claim call 087147123779am-7pm. Cost 10p,1
sms_3699,S:)but he had some luck.2 catches put down:),0
sms_3700,How i noe... Did ü specify da domain as nusstu... Ü still in sch...,0
sms_3701,Oh...i asked for fun. Haha...take care. ü,0
sms_3703,Hey loverboy! I love you !! I had to tell ... I look at your picture and ache to feel you between my legs ... Fuck I want you ... I need you ... I crave you .,0
sms_3705,Kent vale lor... Ü wait 4 me there ar?,0
sms_3706,Ok. Very good. Its all about making that money.,0
sms_3711,ARE YOU IN TOWN? THIS IS V. IMPORTANT,0
sms_3713,Wat u doing there?,0
sms_3714,If i not meeting ü all rite then i'll go home lor. If ü dun feel like comin it's ok.,0
sms_3715,"Oh, i will get paid. The most outstanding one is for a commercial i did for Hasbro...in AUGUST! They made us jump through so many hoops to get paid. Still not.",0
sms_3717,Networking technical support associate.,0
sms_3718,I'm gonna rip out my uterus.,0
sms_3719,Cool. Do you like swimming? I have a pool and jacuzzi at my house.,0
sms_3720,"Thanks for your ringtone order, reference number X49. Your mobile will be charged 4.50. Should your tone not arrive please call customer services 09065989182. From: [colour=red]text[/colour]TXTstar",1
sms_3722,Blank is Blank. But wat is blank? Lol,0
sms_3726,Nothing spl..wat abt u and whr ru?,0
sms_3728,"Aldrine, rakhesh ex RTM here.pls call.urgent.",0
sms_3730,I'm at home. Please call,0
sms_3731,"I guess you could be as good an excuse as any, lol.",0
sms_3732,"Isn't frnd a necesity in life? imagine urself witout a frnd.. hw'd u feel at ur colleg? wat'll u do wth ur cell? wat abt functions? thnk abt events espe'll cared, missed &amp; irritated u? 4wrd it to all those dear-loving frnds wthout whom u cant live.. I jst did it.. Takecare..:) GOODMORNING",0
sms_3734,Old Orchard near univ. How about you?,0
sms_3735,"4 tacos + 1 rajas burrito, right?",0
sms_3736,"It‘s £6 to get in, is that ok?",0
sms_3737,Hows the street where the end of library walk is?,0
sms_3738,"Plz note: if anyone calling from a mobile Co. &amp; asks u to type # &lt;#&gt;  or # &lt;#&gt; . Do not do so. Disconnect the call,coz it iz an attempt of 'terrorist' to make use of the sim card no. Itz confirmd by nokia n motorola n has been verified by CNN IBN.",0
sms_3741,No da. . Vijay going to talk in jaya tv,0
sms_3743,Hey i'm bored... So i'm thinking of u... So wat r u doing?,0
sms_3744,"Nah, Wednesday. When should I bring the mini cheetos bag over?",0
sms_3745,Nobody names their penis a girls name this story doesn't add up at all,0
sms_3749,"A bit of Ur smile is my hppnss, a drop of Ur tear is my sorrow, a part of Ur heart is my life, a heart like mine wil care for U, forevr as my GOODFRIEND",0
sms_3750,Dear Voucher Holder 2 claim your 1st class airport lounge passes when using Your holiday voucher call 08704439680. When booking quote 1st class x 2,1
sms_3751,"Buzz! Hey, my Love ! I think of you and hope your day goes well. Did you sleep in ? I miss you babe. I long for the moment we are together again*loving smile*",0
sms_3753,Why are u up so early?,0
sms_3754,Ya that one is slow as poo,0
sms_3756,Im on gloucesterroad what are uup to later?,0
sms_3757,Yes:)here tv is always available in work place..,0
sms_3758,YES! The only place in town to meet exciting adult singles is now in the UK. Txt CHAT to 86688 now! 150p/Msg.,1
sms_3759,Lol no ouch but wish i'd stayed out a bit longer,0
sms_3760,"GOD ASKED, ""What is forgiveness?"" A little child gave lovely reply, ""It is d wonderful fruit that a tree gives when it is being hurt by a stone.. Good night......",0
sms_3761,We'll join the  &lt;#&gt;  bus,0
sms_3762,Was just about to ask. Will keep this one. Maybe that's why you didn't get all the messages we sent you on glo,0
sms_3763,FREE for 1st week! No1 Nokia tone 4 ur mob every week just txt NOKIA to 8007 Get txting and tell ur mates www.getzed.co.uk POBox 36504 W45WQ norm150p/tone 16+,1
sms_3764,K.i will send in  &lt;#&gt;  min:),0
sms_3766,"Someone U know has asked our dating service 2 contact you! Cant guess who? CALL 09058095107 NOW all will be revealed. POBox 7, S3XY 150p",1
sms_3767,Yes.mum lookin strong:),0
sms_3768,"Sir Goodmorning, Once free call me.",0
sms_3769,Where are you call me.,0
sms_3770,Was gr8 to see that message. So when r u leaving? Congrats dear. What school and wat r ur plans.,0
sms_3772,"Hi, wlcome back, did wonder if you got eaten by a lion or something, nothing much",0
sms_3773,Does uncle timi help in clearing cars,0
sms_3775,Ok... But bag again..,0
sms_3776,Hi! You just spoke to MANEESHA V. We'd like to know if you were satisfied with the experience. Reply Toll Free with Yes or No.,0
sms_3777,Ok lor. Msg me b4 u call.,0
sms_3778,"Mila, age23, blonde, new in UK. I look sex with UK guys. if u like fun with me. Text MTALK to 69866.18 . 30pp/txt 1st 5free. £1.50 increments. Help08718728876",1
sms_3779,"Once a fishrman woke early in d mrng. It was very dark. He waited a while &amp; found a sack ful of stones. He strtd throwin thm in2 d sea 2 pass time. Atlast he had jus 1stone, sun rose up &amp; he found out tht those r nt stones, those were diamonds. Moral:""Dont wake up early in d mrng'' GOOD night",0
sms_3780,"Claim a 200 shopping spree, just call 08717895698 now! Have you won! MobStoreQuiz10ppm",1
sms_3781,Then ur physics get a-?,0
sms_3782,"Dear friends, sorry for the late information. Today is the birthday of our loving Ar.Praveesh. for more details log on to face book and see. Its his number + &lt;#&gt; . Dont miss a delicious treat.",0
sms_3783,How r ü going to send it to me?,0
sms_3785,Dear got train and seat mine lower seat,0
sms_3787,Wat r u doing?,0
sms_3788,WHORE YOU ARE UNBELIEVABLE.,0
sms_3789,"Want to funk up ur fone with a weekly new tone reply TONES2U 2 this text. www.ringtones.co.uk, the original n best. Tones 3GBP network operator rates apply",1
sms_3790,"Are you sure you don't mean ""get here, we made you hold all the weed""",0
sms_3792,"Twinks, bears, scallies, skins and jocks are calling now. Don't miss the weekend's fun. Call 08712466669 at 10p/min. 2 stop texts call 08712460324(nat rate)",1
sms_3793,Love it! I want to flood that pretty pussy with cum...,0
sms_3794,Hey are you angry with me. Reply me dr.,0
sms_3796,Also remember the beads don't come off. Ever.,0
sms_3798,For The First Time In The History 'Need' 'Comfort' And 'Luxury' Are Sold At Same Price In India..!! Onion-Rs. &lt;#&gt;  Petrol-Rs. &lt;#&gt;  Beer-Rs. &lt;#&gt;  SHESIL  &lt;#&gt;,0
sms_3800,"Actually nvm, got hella cash, we still on for  &lt;#&gt; ish?",0
sms_3802,"It's ok, at least armand's still around",0
sms_3803,No da. I am happy that we sit together na,0
sms_3804,Yup song bro. No creative. Neva test quality. He said check review online.,0
sms_3805,"No dude, its not fake..my frnds got money, thts y i'm reffering u..if u member wit my mail link, u vl be credited  &lt;#&gt; rs and il be getiing  &lt;#&gt; rs..i can draw my acc wen it is  &lt;#&gt; rs..",0
sms_3806,Dude while were makin those weirdy brownies my sister made awesome cookies. I took pics.,0
sms_3807,URGENT! We are trying to contact you. Last weekends draw shows that you have won a £900 prize GUARANTEED. Call 09061701851. Claim code K61. Valid 12hours only,1
sms_3808,Pls dont restrict her from eating anythin she likes for the next two days.,0
sms_3809,Mm you ask him to come its enough :-),0
sms_3810,At the funeral home with Audrey and dad,0
sms_3811,"Aight, can you text me the address?",0
sms_3813,Yep then is fine 7.30 or 8.30 for ice age.,0
sms_3814,Pls i wont belive god.not only jesus.,0
sms_3816,"Not yet chikku..k, then wat abt tht guy did he stopped irritating or msging to u..",0
sms_3817,How long does it take to get it.,0
sms_3819,74355 XMAS iscoming & ur awarded either £500 CD gift vouchers & free entry 2 r £100 weekly draw txt MUSIC to 87066 TnC,1
sms_3820,"sorry brah, just finished the last of my exams, what up",0
sms_3821,"I got arrested for possession at, I shit you not,  &lt;TIME&gt;  pm",0
sms_3822,You are right though. I can't give you the space you want and need. This is really starting to become an issue. I was going to suggest setting a definite move out--if i'm still there-- after greece. But maybe you are ready and should do it now.,0
sms_3825,I miss you so much I'm so desparate I have recorded the message you left for me the other day and listen to it just to hear the sound of your voice. I love you,0
sms_3826,Hi. I'm always online on yahoo and would like to chat with you someday,0
sms_3827,"Goodmorning,my grandfather expired..so am on leave today.",0
sms_3829,Where are you ? What are you doing ? Are yuou working on getting the pc to your mom's ? Did you find a spot that it would work ? I need you,0
sms_3830,"Sure, I'll see if I can come by in a bit",0
sms_3833,Ok.,0
sms_3834,I had askd u a question some hours before. Its answer,0
sms_3835,Watching tv lor. Nice one then i like lor.,0
sms_3841,HEY MATE! HOWS U HONEY?DID U AVE GOOD HOLIDAY? GIMMI DE GOSS!x,0
sms_3845,"Yeah that's what I thought, lemme know if anything's goin on later",0
sms_3846,Mmmm.... I cant wait to lick it!,0
sms_3847,Pls go there today  &lt;#&gt; . I dont want any excuses,0
sms_3849,Can you plz tell me the ans. BSLVYL sent via fullonsms.com,0
sms_3850,U in town alone?,0
sms_3853,"No, its true..k,Do u knw dis no. &lt;#&gt; ?",0
sms_3855,oh ya... Got hip hop open. Haha i was thinking can go for jazz then zoom to cine... Actually tonight i'm free leh... And there's a kb lesson tonight,0
sms_3857,I'm ok. Will do my part tomorrow,0
sms_3858,"No! But we found a diff farm shop to buy some cheese. On way back now, can i call in?",0
sms_3859,R u still working now?,0
sms_3860,"Win the newest Harry Potter and the Order of the Phoenix (Book 5) reply HARRY, answer 5 questions - chance to be the first among readers!",1
sms_3861,Yep. I do like the pink furniture tho.,0
sms_3863,"Customer place, i wil cal u sir.",0
sms_3864,"Oh my god! I've found your number again! I'm so glad, text me back xafter this msgs cst std ntwk chg £1.50",1
sms_3865,A pure hearted person can have a wonderful smile that makes even his/her enemies to feel guilty for being an enemy.. So catch the world with your smile..:) GOODMORNING &amp; HAVE A SMILEY SUNDAY..:),0
sms_3869,"not that I know of, most people up here are still out of town",0
sms_3870,No let me do the math. Your not good at it.,0
sms_3871,Oh ok wait 4 me there... My lect havent finish,0
sms_3873,I am joining today formally.Pls keep praying.will talk later.,0
sms_3874,"Happy or sad , one thing about past is- ""Its no more"" GOOD MORNING :-):-).",0
sms_3875,No. Did you multimedia message them or e-mail?,0
sms_3877,did u get that message,0
sms_3878,"Sorry sir, i will call you tomorrow.  senthil.hsbc",0
sms_3879,What you need. You have a person to give na.,0
sms_3882,Can you plz tell me the ans. BSLVYL sent via fullonsms.com,0
sms_3884,"Gumby's has a special where a  &lt;#&gt; "" cheese pizza is $2 so I know what we're doin tonight",0
sms_3888,Cab is available.they pick up and drop at door steps.,0
sms_3890,Unlimited texts. Limited minutes.,0
sms_3892,No problem. We will be spending a lot of quality time together...,0
sms_3894,Have you heard from this week?,0
sms_3895,Dear Dave this is your final notice to collect your 4* Tenerife Holiday or #5000 CASH award! Call 09061743806 from landline. TCs SAE Box326 CW25WX 150ppm,1
sms_3897,tells u 2 call 09066358152 to claim £5000 prize. U have 2 enter all ur mobile & personal details @ the prompts. Careful!,1
sms_3898,No. Thank you. You've been wonderful,0
sms_3902,That depends. How would you like to be treated? :),0
sms_3903,"Right on brah, see you later",0
sms_3905,Your 2004 account for 07XXXXXXXXX shows 786 unredeemed points. To claim call 08719181259 Identifier code: XXXXX Expires 26.03.05,1
sms_3908,No that just means you have a fat head,0
sms_3909,Sounds like a plan! Cardiff is still here and still cold! I'm sitting on the radiator!,0
sms_3910,Serious? What like proper tongued her,0
sms_3911,She.s good. She was wondering if you wont say hi but she.s smiling now. So how are you coping with the long distance,0
sms_3912,How i noe... She's in da car now... Later then c lar... I'm wearing shorts...,0
sms_3914,Yeah whatever lol,0
sms_3915,Today is ACCEPT DAY..U Accept me as? Brother Sister Lover Dear1 Best1 Clos1 Lvblefrnd Jstfrnd Cutefrnd Lifpartnr Belovd Swtheart Bstfrnd No rply means enemy,0
sms_3917,Ok. C u then.,0
sms_3921,FREE>Ringtone! Reply REAL or POLY eg REAL1 1. PushButton 2. DontCha 3. BabyGoodbye 4. GoldDigger 5. WeBeBurnin 1st tone FREE and 6 more when u join for £3/wk,1
sms_3923,"Oh really? perform, write a paper, go to a movie AND be home by midnight, huh?",0
sms_3924,Okay lor... Will they still let us go a not ah? Coz they will not know until later. We drop our cards into the box right?,0
sms_3925,How? Izzit still raining?,0
sms_3926,As if i wasn't having enough trouble sleeping.,0
sms_3927,I havent add ü yet right..,0
sms_3928,Lol ... I really need to remember to eat when I'm drinking but I do appreciate you keeping me company that night babe *smiles*,0
sms_3930,Yes. Nigh you cant aha.,0
sms_3931,I thk ü gotta go home by urself. Cos i'll b going out shopping 4 my frens present.,0
sms_3932,Nooooooo I'm gonna be bored to death all day. Cable and internet outage.,0
sms_3933,Sos! Any amount i can get pls.,0
sms_3935,How come guoyang go n tell her? Then u told her?,0
sms_3937,They r giving a second chance to rahul dengra.,0
sms_3939,WHEN THE FIRST STRIKE IS A RED ONE. THE BIRD + ANTELOPE BEGIN TOPLAY IN THE FIELDOF SELFINDEPENDENCE BELIEVE THIS + THE FLOWER OF CONTENTION WILL GROW.RANDOM!,0
sms_3940,Y ü wan to go there? C doctor?,0
sms_3941,Does daddy have a bb now.,0
sms_3943,She's borderline but yeah whatever.,0
sms_3944,I got a call from a landline number. . . I am asked to come to anna nagar . . . I will go in the afternoon,0
sms_3945,"Until 545 lor... Ya, can go 4 dinner together...",0
sms_3946,I will be gentle princess! We will make sweet gentle love...,0
sms_3947,How u doin baby girl ?? hope u are okay every time I call ure phone is off! I miss u get in touch,0
sms_3948,"Sorry, went to bed early, nightnight",0
sms_3949,I like to think there's always the possibility of being in a pub later.,0
sms_3950,HMM yeah if your not too grooved out! And im looking forward to my pound special :),0
sms_3951,I got to video tape pple type in message lor. U so free wan 2 help me? Hee... Cos i noe u wan 2 watch infernal affairs so ask u along. Asking shuhui oso.,0
sms_3953,Me hungry buy some food good lei... But mum n yun dun wan juz buy a little bit...,0
sms_3954,Refused a loan? Secured or Unsecured? Can't get credit? Call free now 0800 195 6669 or text back 'help' & we will!,1
sms_3955,I probably won't eat at all today. I think I'm gonna pop. How was your weekend? Did u miss me?,0
sms_3956,I knew it... U slept v late yest? Wake up so late...,0
sms_3959,So i could kiss and feel you next to me...,0
sms_3960,Have a nice day my dear.,0
sms_3961,I sent lanre fakeye's Eckankar details to the mail box,0
sms_3962,Your dad is back in ph?,0
sms_3964,If you ask her or she say any please message.,0
sms_3965,"If e timing can, then i go w u lor...",0
sms_3970,Thanks for your message. I really appreciate your sacrifice. I'm not sure of the process of direct pay but will find out on my way back from the test tomorrow. I'm in class now. Do have a wonderful day.,0
sms_3972,Free video camera phones with Half Price line rental for 12 mths and 500 cross ntwk mins 100 txts. Call MobileUpd8 08001950382 or Call2OptOut/674&,1
sms_3973,WOT U UP 2 J?,0
sms_3974,"Night night, see you tomorrow",0
sms_3975,Roger that. We‘re probably going to rem in about 20,0
sms_3976,do u think that any girl will propose u today by seing ur bloody funky shit fucking face...............asssssholeeee................,0
sms_3979,Reason is if the team budget is available at last they buy the unsold players for at base rate..,0
sms_3981,ringtoneking 84484,1
sms_3982,Huh i cant thk of more oredi how many pages do we have?,0
sms_3984,Nationwide auto centre (or something like that) on Newport road. I liked them there,0
sms_3985,"Hey, I missed you tm of last night as my phone was on the charge ... *smiles* ... I am meeting a friend shortly",0
sms_3986,"Whatever, juliana. Do whatever you want.",0
sms_3988,Ringtone Club: Gr8 new polys direct to your mobile every week !,1
sms_3990,Ok lor. Anyway i thk we cant get tickets now cos like quite late already. U wan 2 go look 4 ur frens a not? Darren is wif them now...,0
sms_3992,I am on the way to ur home,0
sms_3993,"Dizzamn, aight I'll ask my suitemates when I get back",0
sms_3994,"Nimbomsons. Yep phone knows that one. Obviously, cos thats a real word",0
sms_3995,I love to cuddle! I want to hold you in my strong arms right now...,0
sms_3998,Bored housewives! Chat n date now! 0871750.77.11! BT-national rate 10p/min only from landlines!,1
sms_4000,K...k...when will you give treat?,0
sms_4003,Did you get any gift? This year i didnt get anything. So bad,0
sms_4006,", ow u dey.i paid 60,400thousad.i told  u would call .",0
sms_4007,IM FINE BABES AINT BEEN UP 2 MUCH THO! SAW SCARY MOVIE YEST ITS QUITE FUNNY! WANT 2MRW AFTERNOON? AT TOWN OR MALL OR SUMTHIN?xx,0
sms_4010,Ha... Then we must walk to everywhere... Cannot take tram. My cousin said can walk to vic market from our hotel,0
sms_4011,"Wan2 win a Meet+Greet with Westlife 4 U or a m8? They are currently on what tour? 1)Unbreakable, 2)Untamed, 3)Unkempt. Text 1,2 or 3 to 83049. Cost 50p +std text",1
sms_4013,Discussed with your mother ah?,0
sms_4014,Ok.,0
sms_4016,You will be receiving this week's Triple Echo ringtone shortly. Enjoy it!,1
sms_4017,In which place i can get rooms cheap:-),0
sms_4019,GRAN ONLYFOUND OUT AFEW DAYS AGO.CUSOON HONI,0
sms_4022,We have to pick rayan macleran there.,0
sms_4024,Well. Balls. Time to make calls,0
sms_4025,Wat time ü wan today?,0
sms_4026,&lt;#&gt;  in mca. But not conform.,0
sms_4035,Wot u up 2? Thout u were gonna call me!! Txt bak luv K,0
sms_4036,YOU ARE CHOSEN TO RECEIVE A £350 AWARD! Pls call claim number 09066364311 to collect your award which you are selected to receive as a valued mobile customer.,1
sms_4038,Dont flatter yourself... Tell that man of mine two pints of carlin in ten minutes please....,0
sms_4039,Hope you are not scared!,0
sms_4040,I cant pick the phone right now. Pls send a message,0
sms_4041,I'm at home n ready...,0
sms_4044,I am literally in bed and have been up for like  &lt;#&gt;  hours,0
sms_4045,"Yes, my reg is  Ciao!",0
sms_4046,If You mean the website. Yes.,0
sms_4050,Yeah that's the impression I got,0
sms_4051,Ok ok take care. I can understand.,0
sms_4052,"Motivate Behind every darkness, there is a shining light waiting for you to find it... Behind every best friend, there is always trust and love... BSLVYL",0
sms_4055,dont make ne plans for nxt wknd coz she wants us to come down then ok,0
sms_4059,Hi di is yijue we're meeting at 7 pm at esaplanade tonight.,0
sms_4060,Moby Pub Quiz.Win a £100 High Street prize if u know who the new Duchess of Cornwall will be? Txt her first name to 82277.unsub STOP £1.50 008704050406 SP,1
sms_4061,"This weeks SavaMob member offers are now accessible. Just call 08709501522 for details! SavaMob, POBOX 139, LA3 2WU. Only £1.50/week. SavaMob - offers mobile!",1
sms_4064,How are you. Its been ages. How's abj,0
sms_4065,Prof: you have passed in all the papers in this sem congrats . . . . Student: Enna kalaachutaarama..!! Prof:???? Gud mrng!,0
sms_4066,Dont kick coco when he's down,0
sms_4067,Fyi I'm gonna call you sporadically starting at like  &lt;#&gt;  bc we are not not doin this shit,0
sms_4068,"You are being contacted by our Dating Service by someone you know! To find out who it is, call from your mobile or landline 09064017305 PoBox75LDNS7",1
sms_4069,TBS/PERSOLVO. been chasing us since Sept for£38 definitely not paying now thanks to your information. We will ignore them. Kath. Manchester.,1
sms_4070,Hope youre not having too much fun without me!! see u tomorrow love jess x,0
sms_4072,I've reached home n i bathe liao... U can call me now...,0
sms_4074,Was the actual exam harder than NBME,0
sms_4078,Hey sathya till now we dint meet not even a single time then how can i saw the situation sathya.,0
sms_4079,Gam gone after outstanding innings.,0
sms_4082,Hurry home. Soup is DONE!,0
sms_4085,Quite ok but a bit ex... U better go eat smth now else i'll feel guilty...,0
sms_4087,Lemme know when you're here,0
sms_4088,PRIVATE! Your 2003 Account Statement for 07973788240 shows 800 un-redeemed S. I. M. points. Call 08715203649 Identifier Code: 40533 Expires 31/10/04,1
sms_4089,He needs to stop going to bed and make with the fucking dealing,0
sms_4091,We tried to call you re your reply to our sms for a video mobile 750 mins UNLIMITED TEXT + free camcorder Reply of call 08000930705 Now,1
sms_4092,"Hey doc pls I want to get nice t shirt for my hubby nice fiting ones my budget is  &lt;#&gt; k help pls I will load d card abi hw,keep me posted luv. 2 mj",0
sms_4093,I remain unconvinced that this isn't an elaborate test of my willpower,0
sms_4095,how are you? I miss you!,0
sms_4097,"Hey , is * rite u put »10 evey mnth is that all?",0
sms_4100,If u dun drive then how i go 2 sch.,0
sms_4101,I not at home now lei...,0
sms_4102,GSOH? Good with SPAM the ladies?U could b a male gigolo? 2 join the uk's fastest growing mens club reply ONCALL. mjzgroup. 08714342399.2stop reply STOP. msg@£1.50rcvd,1
sms_4103,Ok then i will come to ur home after half an hour,0
sms_4104,U have a secret admirer who is looking 2 make contact with U-find out who they R*reveal who thinks UR so special-call on 09058094599,1
sms_4106,Jus finish my lunch on my way home lor... I tot u dun wan 2 stay in sch today...,0
sms_4108,"HOT LIVE FANTASIES call now 08707500020 Just 20p per min NTT Ltd, PO Box 1327 Croydon CR9 5WB 0870 is a national rate call",1
sms_4109,Pls send me your address sir.,0
sms_4112,URGENT! Your Mobile number has been awarded a <UKP>2000 prize GUARANTEED. Call 09061790125 from landline. Claim 3030. Valid 12hrs only 150ppm,1
sms_4113,"I'll see, but prolly yeah",0
sms_4116,Sorry. You never hear unless you book it. One was kinda a joke--thet were really looking for skinny white girls. The other was one line--you can only do so much on camera with that. Something like that they're casting on the look.,0
sms_4117,What you doing?how are you?,0
sms_4118,"Sure thing big man. i have hockey elections at 6, shouldn‘t go on longer than an hour though",0
sms_4119,Watch lor. I saw a few swatch one i thk quite ok. Ard 116 but i need 2nd opinion leh...,0
sms_4120,Hiya do u like the hlday pics looked horrible in them so took mo out! Hows the camp Amrca thing? Speak soon Serena:),0
sms_4122,Yunny... I'm goin to be late,0
sms_4123,Doc prescribed me morphine cause the other pain meds aren't enough. Waiting for my mom to bring it. That med should kick in fast so I'm gonna try to be on later,0
sms_4124,"Cool, want me to go to kappa or should I meet you outside mu",0
sms_4125,"Hey sexy buns ! Have I told you ? I adore you, loverboy. I hope you remember to thank your sister in law for those meatballs *grins* ... i love you, babe",0
sms_4126,May b approve panalam...but it should have more posts..,0
sms_4128,"Sorry, I'll call later",0
sms_4132,"Its Ur luck to Love someone. Its Ur fortune to Love the one who Loves U. But, its a miracle to Love a person who can't Love anyone except U... Gud nyt...",0
sms_4134,FreeMsg Today's the day if you are ready! I'm horny & live in your town. I love sex fun & games! Netcollex Ltd 08700621170150p per msg reply Stop to end,1
sms_4136,No need to say anything to me. I know i am an outsider,0
sms_4137,have you ever had one foot before?,0
sms_4139,"Good! No, don‘t need any receipts—well done! (…) Yes, please tell . What‘s her number, i could ring her",0
sms_4140,"Ever green quote ever told by Jerry in cartoon ""A Person Who Irritates u Always Is the one Who Loves u Vry Much But Fails to Express It...!..!! :-) :-) gud nyt",0
sms_4141,Leave it wif me lar... Ü wan to carry meh so heavy... Is da num 98321561 familiar to ü?,0
sms_4143,Infact happy new year. How are you where are you when are we seeing,0
sms_4144,"In The Simpsons Movie released in July 2007 name the band that died at the start of the film? A-Green Day, B-Blue Day, C-Red Day. (Send A, B or C)",1
sms_4147,I cant wait for cornwall. Hope tonight isnt too bad as well but its rock night shite. Anyway im going for a kip now have a good night. Speak to you soon.,0
sms_4149,Please call Amanda with regard to renewing or upgrading your current T-Mobile handset free of charge. Offer ends today. Tel 0845 021 3680 subject to T's and C's,1
sms_4151,I only work from mon to thurs but Sat i cant leh... Booked liao... Which other day u free?,0
sms_4154,"URGENT!! Your 4* Costa Del Sol Holiday or £5000 await collection. Call 09050090044 Now toClaim. SAE, TC s, POBox334, Stockport, SK38xh, Cost£1.50/pm, Max10mins",1
sms_4155,Haf u eaten? Wat time u wan me 2 come?,0
sms_4158,This single single answers are we fighting? Plus i said am broke and you didnt reply,0
sms_4159,It certainly puts things into perspective when something like this happens,0
sms_4160,Now got tv 2 watch meh? U no work today?,0
sms_4161,i felt so...not any conveying reason.. Ese he... What about me?,0
sms_4162,Had your mobile 11 months or more? U R entitled to Update to the latest colour mobiles with camera for Free! Call The Mobile Update Co FREE on 08002986030,1
sms_4163,How's it going? Got any exciting karaoke type activities planned? I'm debating whether to play football this eve. Feeling lazy though.,0
sms_4165,"Its ok, called mom instead have fun",0
sms_4167,Well if I'm that desperate I'll just call armand again,0
sms_4169,Congrats! Nokia 3650 video camera phone is your Call 09066382422 Calls cost 150ppm Ave call 3mins vary from mobiles 16+ Close 300603 post BCM4284 Ldn WC1N3XX,1
sms_4171,"Mmmmmm ... I love you,so much, Ahmad ... I can't wait for this year to begin as every second takes me closer to being at your side. Happy New Year, my love!!",0
sms_4173,"Sorry, I'll call later",0
sms_4174,Ok... But they said i've got wisdom teeth hidden inside n mayb need 2 remove.,0
sms_4175,And pls pls drink plenty plenty water,0
sms_4178,Ok lor then we go tog lor...,0
sms_4179,Two teams waiting for some players,0
sms_4180,Can ü send me a copy of da report?,0
sms_4181,"swhrt how u dey,hope ur ok, tot about u 2day.love n miss.take care.",0
sms_4182,"Ok da, i already planned. I wil pick you.",0
sms_4183,"Urgent! Please call 0906346330. Your ABTA complimentary 4* Spanish Holiday or £10,000 cash await collection SAE T&Cs BOX 47 PO19 2EZ 150ppm 18+",1
sms_4184,"Sorry, I'll call later in meeting",0
sms_4185,I just really need shit before tomorrow and I know you won't be awake before like 6,0
sms_4187,"Hmm ok, i'll stay for like an hour cos my eye is really sore!",0
sms_4188,Dear got bus directly to calicut,0
sms_4189,Mm umma ask vava also to come tell him can play later together,0
sms_4190,"Well the general price is  &lt;#&gt; /oz, let me know if/when/how much you want",0
sms_4191,"Sorry, I'll call later",0
sms_4194,Ok i'm coming home now.,0
sms_4195,Can not use foreign stamps in this country.,0
sms_4198,FREE for 1st week! No1 Nokia tone 4 ur mob every week just txt NOKIA to 8007 Get txting and tell ur mates www.getzed.co.uk POBox 36504 W45WQ norm150p/tone 16+,1
sms_4199,"Want to funk up ur fone with a weekly new tone reply TONES2U 2 this text. www.ringtones.co.uk, the original n best. Tones 3GBP network operator rates apply",1
sms_4200,"cmon babe, make me horny, *turn* me on! Txt me your fantasy now babe -) Im hot, sticky and need you now. All replies cost £1.50. 2 cancel send STOP",1
sms_4202,Wylie update: my weed dealer carlos went to freedom and had a class with lunsford,0
sms_4206,IMPORTANT INFORMATION 4 ORANGE USER 0796XXXXXX. TODAY IS UR LUCKY DAY!2 FIND OUT WHY LOG ONTO http://www.urawinner.com THERE'S A FANTASTIC PRIZEAWAITING YOU!,1
sms_4208,"Lets use it next week, princess :)",0
sms_4209,Or i go home first lar ü wait 4 me lor.. I put down my stuff first..,0
sms_4210,I want kfc its Tuesday. Only buy 2 meals ONLY 2. No gravy. Only 2 Mark. 2!,0
sms_4212,Oi when you gonna ring,0
sms_4216,No dear i was sleeping :-P,0
sms_4218,Will be office around 4 pm. Now i am going hospital.,0
sms_4222,"Plz note: if anyone calling from a mobile Co. &amp; asks u to type # &lt;#&gt;  or # &lt;#&gt; . Do not do so. Disconnect the call,coz it iz an attempt of 'terrorist' to make use of the sim card no. Itz confirmd by nokia n motorola n has been verified by CNN IBN.",0
sms_4225,Double eviction this week - Spiral and Michael and good riddance to them!,0
sms_4226,"The world suffers a lot... Not because of the violence of bad people. But because of the silence of good people!, Gud night....",0
sms_4227,"Ok thats cool. Its , just off either raglan rd or edward rd. Behind the cricket ground. Gimme ring when ur closeby see you tuesday.",0
sms_4228,Buy one egg for me da..please:),0
sms_4229,Have you started in skye,0
sms_4230,Have you bookedthe hut? And also your time off? How are you by the way?,0
sms_4232,U really pig leh sleep so much. My dad wake me up at 10 smth 2 eat lunch today.,0
sms_4233,I'm at home. Please call,0
sms_4234,My love ... I hope your not doing anything drastic. Don't you dare sell your pc or your phone ...,0
sms_4236,FREEMSG: Our records indicate you may be entitled to 3750 pounds for the Accident you had. To claim for free reply with YES to this msg. To opt out text STOP,1
sms_4239,Lol wtf random. Btw is that your lunch break,0
sms_4241,"The LAY MAN! Just to let you know you are missed and thought off. Do have a great day. And if you can send me bimbo and ugo's numbers, ill appreciate. Safe",0
sms_4242,Detroit. The home of snow. Enjoy it.,0
sms_4246,Is toshiba portege m100 gd?,0
sms_4247,Well welp is sort of a semiobscure internet thing,0
sms_4248,Text PASS to 69669 to collect your polyphonic ringtones. Normal gprs charges apply only. Enjoy your tones,1
sms_4249,"accordingly. I repeat, just text the word ok on your mobile phone and send",1
sms_4250,Loosu go to hospital. De dont let it careless.,0
sms_4251,How much for an eighth?,0
sms_4252,Omg Joanna is freaking me out. She's looked thru all my friends to find photos of me. And then she's asking about stuff on my MySpace which I haven't even logged on in like a year. :/,0
sms_4256,Block Breaker now comes in deluxe format with new features and great graphics from T-Mobile. Buy for just £5 by replying GET BBDELUXE and take the challenge,1
sms_4257,Aah! A cuddle would be lush! I'd need lots of tea and soup before any kind of fumbling!,0
sms_4260,Sad story of a Man - Last week was my b'day. My Wife did'nt wish me. My Parents forgot n so did my Kids . I went to work. Even my Colleagues did not wish.,0
sms_4261,Are you plans with your family set in stone ?,0
sms_4265,She just broke down a list of reasons why nobody's in town and I can't tell if she's being sarcastic or just faggy,0
sms_4267,The greatest test of courage on earth is to bear defeat without losing heart....gn tc,0
sms_4270,Beauty sleep can help ur pimples too.,0
sms_4272,Natalja (25/F) is inviting you to be her friend. Reply YES-440 or NO-440 See her: www.SMS.ac/u/nat27081980 STOP? Send STOP FRND to 62468,1
sms_4276,Haiyoh... Maybe your hamster was jealous of million,0
sms_4277,Can you please send me my aunty's number,0
sms_4279,I've reached home finally...,0
sms_4282,"Wn u r hurt by d prsn who s close 2 u, do fight wit dem. Coz somtimes dis fight saves a relation bt being quiet leaves nothin in a relation.. Gud eveB-)",0
sms_4283,U can call now...,0
sms_4285,Yes. I come to nyc for audiitions and am trying to relocate.,0
sms_4286,I pocked you up there before,0
sms_4287,Congrats. That's great. I wanted to tell you not to tell me your score cos it might make me relax. But its motivating me so thanks for sharing,0
sms_4288,I wud never mind if u dont miss me or if u dont need me.. But u wil really hurt me wen u need me &amp; u dont tell me......... Take care:-),0
sms_4289,Hey mr whats the name of that bill brison book the one about language and words,0
sms_4294,You best watch what you say cause I get drunk as a motherfucker,0
sms_4295,Kit Strip - you have been billed 150p. Netcollex Ltd. PO Box 1013 IG11 OJA,1
sms_4296,HMV BONUS SPECIAL 500 pounds of genuine HMV vouchers to be won. Just answer 4 easy questions. Play Now! Send HMV to 86688 More info:www.100percent-real.com,1
sms_4297,Please CALL 08712402578 immediately as there is an urgent message waiting for you,1
sms_4298,thesmszone.com lets you send free anonymous and masked messages..im sending this message from there..do you see the potential for abuse???,1
sms_4300,Hurt me... Tease me... Make me cry... But in the end of my life when i die plz keep one rose on my grave and say STUPID I MISS U.. HAVE A NICE DAY BSLVYL,0
sms_4303,Aiyar hard 2 type. U later free then tell me then i call n scold n tell u.,0
sms_4304,Yup i'm free...,0
sms_4306,Yo come over carlos will be here soon,0
sms_4308,I guess it is useless calling u 4 something important.,0
sms_4310,He dint tell anything. He is angry on me that why you told to abi.,0
sms_4311,Someone U know has asked our dating service 2 contact you! Cant Guess who? CALL 09058091854 NOW all will be revealed. PO BOX385 M6 6WU,1
sms_4312,It so happens that there r 2waxsto do wat you want. She can come and ill get her medical insurance. And she'll be able to deliver and have basic care. I'm currently shopping for the right medical insurance for her. So just give me til friday morning. Thats when i.ll see the major person that can guide me to the right insurance.,0
sms_4313,I keep ten rs in my shelf:) buy two egg.,0
sms_4314,"I wasn't well babe, i have swollen glands at my throat ... What did you end up doing ?",0
sms_4315,Is ur changes 2 da report big? Cos i've already made changes 2 da previous report.,0
sms_4316,Captain is in our room:),0
sms_4317,"I can't speak, bcaz mobile have problem. I can listen you but you cann't listen my voice. So i calls you later.",0
sms_4318,HIYA STU WOT U UP 2.IM IN SO MUCH TRUBLE AT HOME AT MOMENT EVONE HATES ME EVEN U! WOT THE HELL AV I DONE NOW? Y WONT U JUST TELL ME TEXT BCK PLEASE LUV DAN,0
sms_4319,S...i will take mokka players only:),0
sms_4322,"K, jason says he's gonna be around so I'll be up there around  &lt;#&gt;",0
sms_4324,Aight well keep me informed,0
sms_4328,Dude got a haircut. Now its breezy up there,0
sms_4329,"Congrats! 2 mobile 3G Videophones R yours. call 09061744553 now! videochat wid ur mates, play java games, Dload polyH music, noline rentl. bx420. ip4. 5we. 150pm",1
sms_4333,ALSO TELL HIM I SAID HAPPY BIRTHDAY,0
sms_4334,Y bishan lei... I tot ü say lavender?,0
sms_4335,Boo what time u get out? U were supposed to take me shopping today. :(,0
sms_4336,"Now u sound like manky scouse boy steve,like! I is travelling on da bus home.wot has u inmind 4 recreation dis eve?",0
sms_4337,"Fyi I'm taking a quick shower, be at epsilon in like  &lt;#&gt;  min",0
sms_4338,on a Tuesday night r u 4 real,0
sms_4340,Just got outta class gonna go gym.,0
sms_4341,I want to sent  &lt;#&gt; mesages today. Thats y. Sorry if i hurts,0
sms_4343,Ha! I wouldn't say that I just didn't read anything into way u seemed. I don't like 2 be judgemental....i save that for fridays in the pub!,0
sms_4346,Enjoy urself tmr...,0
sms_4348,U 447801259231 have a secret admirer who is looking 2 make contact with U-find out who they R*reveal who thinks UR so special-call on 09058094597,1
sms_4349,You give us back my id proof and  &lt;#&gt;  rs. We wont allow you to work. We will come to your home within days,0
sms_4350,Ü bot notes oredi... Cos i juz rem i got...,0
sms_4351,Yes. Rent is very expensive so its the way we save.,0
sms_4352,"Night has ended for another day, morning has come in a special way. May you smile like the sunny rays and leaves your worries at the blue blue bay. Gud mrng",0
sms_4353,Hows the pain dear?y r u smiling?,0
sms_4356,"Sorry, I can't help you on this.",0
sms_4358,"HELLOGORGEOUS, HOWS U? MY FONE WAS ON CHARGE LST NITW WEN U TEXD ME. HOPEU AD A NICE WKEND AS IM SURE U DID LOOKIN 4WARD 2 C-IN U 2MRW LUV JAZ",0
sms_4360,Ü only send me the contents page...,0
sms_4362,"Don't Think About ""What u Have Got"" Think About ""How to Use It That You Have Got"" gooD ni8",0
sms_4364,"Evry Emotion dsn't hav Words.Evry Wish dsn't hav Prayrs.. If u Smile,D World is wit u.Othrwise even d Drop of Tear dsn't lik 2 Stay wit u.So b happy.. Good morning, keep smiling:-)",0
sms_4365,So what about you. What do you remember,0
sms_4368,I like dis sweater fr mango but no more my size already so irritating.,0
sms_4369,1 I don't have her number and 2 its gonna be a massive pain in the ass and i'd rather not get involved if that's possible,0
sms_4372,Purity of friendship between two is not about smiling after reading the forwarded message..Its about smiling just by seeing the name. Gud evng,0
sms_4380,How are you. Just checking up on you,0
sms_4381,Done it but internet connection v slow and can‘t send it. Will try again later or first thing tomo.,0
sms_4382,Mathews or tait or edwards or anderson,0
sms_4386,Do you want a New Nokia 3510i Colour Phone Delivered Tomorrow? With 200 FREE minutes to any mobile + 100 FREE text + FREE camcorder Reply or Call 8000930705,1
sms_4387,", im .. On the snowboarding trip. I was wondering if your planning to get everyone together befor we go..a meet and greet kind of affair? Cheers,",0
sms_4388,S.i'm watching it in live..,0
sms_4389,"see you then, we're all christmassy here!",0
sms_4391,"Do you know why god created gap between your fingers..? So that, One who is made for you comes &amp; fills those gaps by holding your hand with LOVE..!",0
sms_4392,The greatest test of courage on earth is to bear defeat without losing heart....gn tc,0
sms_4393,what are your new years plans?,0
sms_4394,RECPT 1/3. You have ordered a Ringtone. Your order is being processed...,1
sms_4397,Dear :-/ why you mood off. I cant drive so i brother to drive,0
sms_4399,"Can you tell Shola to please go to college of medicine and visit the academic department, tell the academic secretary what the current situation is and ask if she can transfer there. She should ask someone to check Sagamu for the same thing and lautech. Its vital she completes her medical education in Nigeria. Its less expensive much less expensive. Unless she will be getting citizen rates in new zealand.",0
sms_4402,Many times we lose our best ones bcoz we are,0
sms_4403,"Good FRIENDS CaRE for each Other.. CLoSE Friends UNDERSTaND each Other... and TRUE Friends STaY forever beyond words, beyond time. Gud ni8",0
sms_4405,"Sorry, I'll call later  &lt;#&gt; mins",0
sms_4406,Dun need to use dial up juz open da browser n surf...,0
sms_4407,As one of our registered subscribers u can enter the draw 4 a 100 G.B. gift voucher by replying with ENTER. To unsubscribe text STOP,1
sms_4408,"Awesome, plan to get here any time after like  &lt;#&gt; , I'll text you details in a wee bit",0
sms_4409,Take care and sleep well.you need to learn to change in life.you only need to get CONVINCED on that.i will wait but no more conversations between us.GET CONVINCED by that time.Your family is over for you in many senses.respect them but not overemphasise.or u have no role in my life.,0
sms_4410,"For your chance to WIN a FREE Bluetooth Headset then simply reply back with ""ADP""",1
sms_4411,You also didnt get na hi hi hi hi hi,0
sms_4412,Ya but it cant display internal subs so i gotta extract them,0
sms_4413,If i said anything wrong sorry de:-),0
sms_4414,Sad story of a Man - Last week was my b'day. My Wife did'nt wish me. My Parents forgot n so did my Kids . I went to work. Even my Colleagues did not wish.,0
sms_4415,How stupid to say that i challenge god.You dont think at all on what i write instead you respond immed.,0
sms_4416,"Yeah I should be able to, I'll text you when I'm ready to meet up",0
sms_4418,"says that he's quitting at least5times a day so i wudn't take much notice of that. Nah, she didn't mind. Are you gonna see him again? Do you want to come to taunton tonight? U can tell me all about !",0
sms_4419,"When you get free, call me",0
sms_4420,How have your little darlings been so far this week? Need a coffee run tomo?Can't believe it's that time of week already …,0
sms_4422,Still at west coast... Haiz... Ü'll take forever to come back...,0
sms_4423,MMM ... Fuck .... Merry Christmas to me,0
sms_4424,alright. Thanks for the advice. Enjoy your night out. I'ma try to get some sleep...,0
sms_4425,Update your face book status frequently :),0
sms_4427,Was it something u ate?,0
sms_4428,So what did the bank say about the money?,0
sms_4429,Aiyar dun disturb u liao... Thk u have lots 2 do aft ur cupboard come...,0
sms_4432,2mro i am not coming to gym machan. Goodnight.,0
sms_4433,Dont think you need yellow card for uk travel. Ask someone that has gone before. If you do its just  &lt;#&gt; bucks,0
sms_4436,Don't b floppy... b snappy & happy! Only gay chat service with photo upload call 08718730666 (10p/min). 2 stop our texts call 08712460324,1
sms_4437,"House-Maid is the murderer, coz the man was murdered on  &lt;#&gt; th January.. As public holiday all govt.instituitions are closed,including post office..understand?",0
sms_4438,How come u got nothing to do?,0
sms_4439,Nothing will ever be easy. But don't be looking for a reason not to take a risk on life and love,0
sms_4443,Dear i am not denying your words please,0
sms_4444,You know my old Dom I told you about yesterday ? His name is Roger? He got in touch with me last night and wants me to meet him today at 2 pm,0
sms_4445,COME BACK TO TAMPA FFFFUUUUUUU,0
sms_4446,"2 celebrate my bday, y else?",0
sms_4447,Merry christmas to u too annie!,0
sms_4449,I sent them. Do you like?,0
sms_4450,"Urgent UR awarded a complimentary trip to EuroDisinc Trav, Aco&Entry41 Or £1000. To claim txt DIS to 87121 18+6*£1.50(moreFrmMob. ShrAcomOrSglSuplt)10, LS1 3AJ",1
sms_4452,"And that is the problem. You walk around in ""julianaland"" oblivious to what is going on around you. I say the same things constantly and they go in one ear and out the other while you go off doing whatever you want to do. It's not that you don't know why I'm upset--it's that you don't listen when i tell you WHAT is going to upset me. Then you want to be surprised when I'm mad.",0
sms_4453,I've told you everything will stop. Just dont let her get dehydrated.,0
sms_4454,Or I guess  &lt;#&gt;  min,0
sms_4455,I'm home. Ard wat time will u reach?,0
sms_4458,Aight should I just plan to come up later tonight?,0
sms_4460,"Welcome to UK-mobile-date this msg is FREE giving you free calling to 08719839835. Future mgs billed at 150p daily. To cancel send ""go stop"" to 89123",1
sms_4461,This is wishing you a great day. Moji told me about your offer and as always i was speechless. You offer so easily to go to great lengths on my behalf and its stunning. My exam is next friday. After that i will keep in touch more. Sorry.,0
sms_4462,"Thanks again for your reply today. When is ur visa coming in. And r u still buying the gucci and bags. My sister things are not easy, uncle john also has his own bills so i really need to think about how to make my own money. Later sha.",0
sms_4464,He said i look pretty wif long hair wat. But i thk he's cutting quite short 4 me leh.,0
sms_4467,Hey u still at the gym?,0
sms_4469,Much better now thanks lol,0
sms_4472,Wa... U so efficient... Gee... Thanx...,0
sms_4473,3. You have received your mobile content. Enjoy,1
sms_4474,S but not able to sleep.,0
sms_4477,I'll pick you up at about 5.15pm to go to taunton if you still want to come.,0
sms_4478,Oh :-)only 4 outside players allowed to play know,0
sms_4479,I anything lor.,0
sms_4480,Erutupalam thandiyachu,0
sms_4481,"Y cant u try new invention to fly..i'm not joking.,",0
sms_4482,No..its ful of song lyrics..,0
sms_4483,"What do u reckon as need 2 arrange transport if u can't do it, thanks",0
sms_4486,What not under standing.,0
sms_4487,have * good weekend.,0
sms_4488,Miss call miss call khelate kintu opponenter miss call dhorte lage. Thats d rule. One with great phone receiving quality wins.,0
sms_4492,"My friend, she's studying at warwick, we've planned to go shopping and to concert tmw, but it may be canceled, havn't seen  for ages, yeah we should get together sometime!",0
sms_4494,"LOL .. *grins* .. I'm not babe, but thanks for thinking of me!",0
sms_4495,Man this bus is so so so slow. I think you're gonna get there before me,0
sms_4496,Hope this text meets you smiling. If not then let this text give you a reason to smile. Have a beautiful day.,0
sms_4497,"In case you wake up wondering where I am, I forgot I have to take care of something for grandma today, should be done before the parade",0
sms_4501,Nvm take ur time.,0
sms_4502,So wat's da decision?,0
sms_4503,Wot is u up 2 then bitch?,0
sms_4504,Stupid.its not possible,0
sms_4505,She told to hr that he want posting in chennai:)because i'm working here:),0
sms_4506,Mobile Club: Choose any of the top quality items for your mobile. 7cfca1a,1
sms_4507,When are you guys leaving?,0
sms_4509,Not able to do anything.,0
sms_4510,Ü takin linear algebra today?,0
sms_4513,Now project pa. After that only i can come.,0
sms_4515,"Sure, whenever you show the fuck up &gt;:(",0
sms_4517,"Congrats! 2 mobile 3G Videophones R yours. call 09061744553 now! videochat wid ur mates, play java games, Dload polyH music, noline rentl. bx420. ip4. 5we. 150pm",1
sms_4518,"Men always needs a beautiful, intelligent, caring, loving, adjustable, cooperative wife. But the law allows only one wife....",0
sms_4520,"Just got part Nottingham - 3 hrs 63miles. Good thing i love my man so much, but only doing 40mph. Hey ho",0
sms_4522,Hi good mornin.. Thanku wish u d same..,0
sms_4523,DO U WANT 2 MEET UP 2MORRO,0
sms_4524,Actually I decided I was too hungry so I haven't left yet :V,0
sms_4525,I've sent ü my part..,0
sms_4530,"Hiya, probably coming home * weekend after next",0
sms_4531,Don't forget though that I love you .... And I walk beside you. Watching over you and keeping your heart warm.,0
sms_4534,Gr8 new service - live sex video chat on your mob - see the sexiest dirtiest girls live on ur phone - 4 details text horny to 89070 to cancel send STOP to 89070,1
sms_4535,I have no money 4 steve mate! !,0
sms_4538,Normally i use to drink more water daily:),0
sms_4539,Dare i ask... Any luck with sorting out the car?,0
sms_4541,"Urgh, coach hot, smells of chip fat! Thanks again, especially for the duvet (not a predictive text word).",0
sms_4544,I've been trying to reach him without success,0
sms_4546,Never y lei... I v lazy... Got wat? Dat day ü send me da url cant work one...,0
sms_4547,Never try alone to take the weight of a tear that comes out of ur heart and falls through ur eyes... Always remember a STUPID FRIEND is here to share... BSLVYL,0
sms_4548,Hey mate. Spoke to the mag people. We‘re on.  the is deliver by the end of the month. Deliver on the 24th sept. Talk later.,0
sms_4550,"Haha, my friend tyler literally just asked if you could get him a dubsack",0
sms_4551,Hey! do u fancy meetin me at 4 at cha  hav a lil beverage on me. if not txt or ring me and we can meet up l8r. quite tired got in at 3 v.pist ;) love Pete x x x,0
sms_4552,Great. Have a safe trip. Dont panic surrender all.,0
sms_4553,"SYMPTOMS when U are in love: ""1.U like listening songs 2.U get stopped where u see the name of your beloved 3.U won't get angry when your",0
sms_4554,Sun ah... Thk mayb can if dun have anythin on... Thk have to book e lesson... E pilates is at orchard mrt u noe hor...,0
sms_4558,I am in hospital da. . I will return home in evening,0
sms_4559,PISS IS TALKING IS SOMEONE THAT REALISE U THAT POINT THIS AT IS IT.(NOW READ IT BACKWARDS),0
sms_4561,I'm awake oh. What's up.,0
sms_4563,How much u trying to get?,0
sms_4564,"Come around  &lt;DECIMAL&gt; pm vikky..i'm otside nw, il come by tht time",0
sms_4565,Tell me again what your address is,0
sms_4566,"Honeybee Said: *I'm d Sweetest in d World* God Laughed &amp; Said: *Wait,U Havnt Met d Person Reading This Msg* MORAL: Even GOD Can Crack Jokes! GM+GN+GE+GN:)",0
sms_4568,But you were together so you should be thinkin about him,0
sms_4569,hiya hows it going in sunny africa? hope u r avin a good time. give that big old silver back a big kiss from me.,0
sms_4570,At WHAT TIME should i come tomorrow,0
sms_4571,Wanna have a laugh? Try CHIT-CHAT on your mobile now! Logon by txting the word: CHAT and send it to No: 8883 CM PO Box 4217 London W1A 6ZF 16+ 118p/msg rcvd,1
sms_4572,"CHA QUITEAMUZING THATSCOOL BABE,PROBPOP IN & CU SATTHEN HUNNY 4BREKKIE! LOVE JEN XXX. PSXTRA LRG PORTIONS 4 ME PLEASE",0
sms_4574,URGENT! This is the 2nd attempt to contact U!U have WON £1000CALL 09071512432 b4 300603t&csBCM4235WC1N3XX.callcost150ppmmobilesvary. max£7. 50,1
sms_4578,"Had your contract mobile 11 Mnths? Latest Motorola, Nokia etc. all FREE! Double Mins & Text on Orange tariffs. TEXT YES for callback, no to remove from records",1
sms_4581,Hi ....My engagement has been fixd on  &lt;#&gt; th of next month. I know its really shocking bt....hmm njan vilikkam....t ws al of a sudn;-(.,0
sms_4582,Not course. Only maths one day one chapter with in one month we can finish.,0
sms_4584,"For ur chance to win a £250 wkly shopping spree TXT: SHOP to 80878. T's&C's www.txt-2-shop.com custcare 08715705022, 1x150p/wk",1
sms_4586,U have a Secret Admirer who is looking 2 make contact with U-find out who they R*reveal who thinks UR so special-call on 09065171142-stopsms-08718727870150ppm,1
sms_4587,"Mila, age23, blonde, new in UK. I look sex with UK guys. if u like fun with me. Text MTALK to 69866.18 . 30pp/txt 1st 5free. £1.50 increments. Help08718728876",1
sms_4589,I wanted to wish you a Happy New Year and I wanted to talk to you about some legal advice to do with when Gary and I split but in person. I'll make a trip to Ptbo for that. I hope everything is good with you babe and I love ya :),0
sms_4590,Have you not finished work yet or something?,0
sms_4592,Well done ENGLAND! Get the official poly ringtone or colour flag on yer mobile! text TONE or FLAG to 84199 NOW! Opt-out txt ENG STOP. Box39822 W111WX £1.50,1
sms_4594,It's ok i wun b angry. Msg u aft i come home tonight.,0
sms_4596,Yo sorry was in the shower sup,0
sms_4597,"Carlos is down but I have to pick it up from him, so I'll swing by usf in a little bit",0
sms_4598,Full heat pa:-) i have applyed oil pa.,0
sms_4600,Have you laid your airtel line to rest?,0
sms_4603,"Hey j! r u feeling any better, hopeSo hunny. i amnow feelin ill & ithink i may have tonsolitusaswell! damn iam layin in bedreal bored. lotsof luv me xxxx",0
sms_4605,THANX 4 PUTTIN DA FONE DOWN ON ME!!,0
sms_4608,Been running but only managed 5 minutes and then needed oxygen! Might have to resort to the roller option!,0
sms_4611,Just glad to be talking to you.,0
sms_4613,Sorry da. I gone mad so many pending works what to do.,0
sms_4615,hows my favourite person today? r u workin hard? couldn't sleep again last nite nearly rang u at 4.30,0
sms_4617,Ü called dad oredi...,0
sms_4621,THIS IS A LONG FUCKIN SHOWR,0
sms_4624,"U need my presnts always bcz U cant mis love. ""jeevithathile irulinae neekunna prakasamanu sneham"" prakasam ennal prabha 'That mns prabha is'LOVE' Got it. Dont mis me....",0
sms_4625,Jus finish blowing my hair. U finish dinner already?,0
sms_4626,I'm on the bus. Love you,0
sms_4627,Lol ... I knew that .... I saw him in the dollar store,0
sms_4628,Please call our customer service representative on 0800 169 6031 between 10am-9pm as you have WON a guaranteed £1000 cash or £5000 prize!,1
sms_4630,Only saturday and sunday holiday so its very difficult:),0
sms_4631,Everybody had fun this evening. Miss you.,0
sms_4632,"Got hella gas money, want to go on a grand nature adventure with galileo in a little bit?",0
sms_4636,How come i din c ü... Yup i cut my hair...,0
sms_4637,K k pa Had your lunch aha.,0
sms_4639,Captain vijaykanth is doing comedy in captain tv..he is drunken :),0
sms_4640,Of course. I guess god's just got me on hold right now.,0
sms_4644,Sorry i din lock my keypad.,0
sms_4646,Are you planning to come chennai?,0
sms_4647,We tried to contact you re your reply to our offer of a Video Phone 750 anytime any network mins Half Price Line Rental Camcorder Reply or call 08000930705,1
sms_4648,God created gap btwn ur fingers so dat sum1 vry special will fill those gaps by holding ur hands.. Now plz dont ask y he created so much gap between legs !!!,0
sms_4649,We are okay. Going to sleep now. Later,0
sms_4651,"Finally it has happened..! Aftr decades..! BEER is now cheaper than PETROL! The goverment expects us to ""DRINK"". . . But don't ""DRIVE """,0
sms_4652,A £400 XMAS REWARD IS WAITING FOR YOU! Our computer has randomly picked you from our loyal mobile customers to receive a £400 reward. Just call 09066380611,1
sms_4653,Where r e meeting tmr?,0
sms_4654,Lol yes. But it will add some spice to your day.,0
sms_4655,Hope you are having a great day.,0
sms_4656,Our Prasanth ettans mother passed away last night. Just pray for her and family.,0
sms_4657,"K, I'll work something out",0
sms_4658,PRIVATE! Your 2003 Account Statement for shows 800 un-redeemed S. I. M. points. Call 08718738002 Identifier Code: 48922 Expires 21/11/04,1
sms_4660,I cant pick the phone right now. Pls send a message,0
sms_4661,You call him and tell now infront of them. Call him now.,0
sms_4664,No. Yes please. Been swimming?,0
sms_4665,Mum not going robinson already.,0
sms_4666,Ok set let u noe e details later...,0
sms_4667,Not..tel software name..,0
sms_4668,I send the print  outs da.,0
sms_4669,IM REALY SOZ IMAT MY MUMS 2NITE WHAT ABOUT 2MORO,0
sms_4671,"I didnt get ur full msg..sometext is missing, send it again",0
sms_4672,"Probably not, I'm almost out of gas and I get some cash tomorrow",0
sms_4675,I'm leaving my house now.,0
sms_4676,"Hi babe its Chloe, how r u? I was smashed on saturday night, it was great! How was your weekend? U been missing me? SP visionsms.com Text stop to stop 150p/text",1
sms_4680,Sry da..jst nw only i came to home..,0
sms_4682,Are you staying in town ?,0
sms_4686,"Alright we'll bring it to you, see you in like  &lt;#&gt;  mins",0
sms_4688,Eatin my lunch...,0
sms_4689,Hmmm.but you should give it on one day..,0
sms_4690,"Didn't try, g and I decided not to head out",0
sms_4692,Surly ill give it to you:-) while coming to review.,0
sms_4694,Tessy..pls do me a favor. Pls convey my birthday wishes to Nimya..pls dnt forget it. Today is her birthday Shijas,0
sms_4695,Pls give her the food preferably pap very slowly with loads of sugar. You can take up to an hour to give it. And then some water. Very very slowly.,0
sms_4696,"URGENT! Your Mobile No 07808726822 was awarded a £2,000 Bonus Caller Prize on 02/09/03! This is our 2nd attempt to contact YOU! Call 0871-872-9758 BOX95QU",1
sms_4698,"Okey dokey, i‘ll be over in a bit just sorting some stuff out.",0
sms_4701,"WIN: We have a winner! Mr. T. Foley won an iPod! More exciting prizes soon, so keep an eye on ur mobile or visit www.win-82050.co.uk",1
sms_4702,I liked the new mobile,0
sms_4703,Anytime...,0
sms_4706,Hey anyway i have to :-),0
sms_4707,Wow so healthy. Old airport rd lor. Cant thk of anything else. But i'll b bathing my dog later.,0
sms_4708,Wif my family booking tour package.,0
sms_4710,"Haha awesome, I might need to take you up on that, what you doin tonight?",0
sms_4714,Big brother‘s really scraped the barrel with this shower of social misfits,0
sms_4715,Oops i thk i dun haf enuff... I go check then tell ü..,0
sms_4716,S:)8 min to go for lunch:),0
sms_4717,"Hey. What happened? U switch off ur cell d whole day. This isnt good. Now if u do care, give me a call tomorrow.",0
sms_4718,"K will do, addie &amp; I are doing some art so I'll be here when you get home",0
sms_4719,My uncles in Atlanta. Wish you guys a great semester.,0
sms_4720,"Aiyo... Her lesson so early... I'm still sleepin, haha... Okie, u go home liao den confirm w me lor...",0
sms_4721,Forgot to tell ü smth.. Can ü like number the sections so that it's clearer..,0
sms_4722,"Yup. Anything lor, if u dun wan it's ok...",0
sms_4723,"I'm home, my love ... If your still awake ... *loving kiss*",0
sms_4726,"There'll be a minor shindig at my place later tonight, you interested?",0
sms_4729,I (Career Tel) have added u as a contact on INDYAROCKS.COM to send FREE SMS. To remove from phonebook - sms NO to  &lt;#&gt;,0
sms_4731,I dont know ask to my brother. Nothing problem some thing that. Just i told .,0
sms_4732,K:)eng rocking in ashes:),0
sms_4733,Wat time r ü going to xin's hostel?,0
sms_4734,Good Morning my Dear Shijutta........... Have a great &amp; successful day.,0
sms_4735,Buy Space Invaders 4 a chance 2 win orig Arcade Game console. Press 0 for Games Arcade (std WAP charge) See o2.co.uk/games 4 Terms + settings. No purchase,1
sms_4739,I bought the test yesterday. Its something that lets you know the exact day u ovulate.when will get 2u in about 2 to 3wks. But pls pls dont fret. I know u r worried. Pls relax. Also is there anything in ur past history u need to tell me?,0
sms_4740,We have pizza if u want,0
sms_4742,Many more happy returns of the day. I wish you happy birthday.,0
sms_4743,Ya very nice. . .be ready on thursday,0
sms_4744,I am in hospital da. . I will return home in evening,0
sms_4745,Thinking of u ;) x,0
sms_4746,Camera - You are awarded a SiPix Digital Camera! call 09061221066 fromm landline. Delivery within 28 days.,1
sms_4747,Orh i tot u say she now still dun believe.,0
sms_4748,"When you just put in the + sign, choose my number and the pin will show. Right?",0
sms_4749,The beauty of life is in next second.. which hides thousands of secrets. I wish every second will be wonderful in ur life...!! gud n8,0
sms_4750,Thanx u darlin!im cool thanx. A few bday drinks 2 nite. 2morrow off! Take care c u soon.xxx,0
sms_4752,Your weekly Cool-Mob tones are ready to download !This weeks new Tones include: 1) Crazy Frog-AXEL F>>> 2) Akon-Lonely>>> 3) Black Eyed-Dont P >>>More info in n,1
sms_4753,Well boy am I glad G wasted all night at applebees for nothing,0
sms_4754,Cashbin.co.uk (Get lots of cash this weekend!) www.cashbin.co.uk Dear Welcome to the weekend We have got our biggest and best EVER cash give away!! These..,1
sms_4755,Ok lor... Or u wan me go look 4 u?,0
sms_4757,Don't make life too stressfull.. Always find time to Laugh.. It may not add years to your Life! But surely adds more life to ur years!! Gud ni8..swt dreams..,0
sms_4759,URGENT! Your Mobile number has been awarded with a £2000 prize GUARANTEED. Call 09061790121 from land line. Claim 3030. Valid 12hrs only 150ppm,1
sms_4760,Thanks 4 your continued support Your question this week will enter u in2 our draw 4 £100 cash. Name the NEW US President? txt ans to 80082,1
sms_4761,I'm home. Doc gave me pain meds says everything is fine.,0
sms_4762,It's é only $140 ard...É rest all ard $180 at least...Which is é price 4 é 2 bedrm ($900),0
sms_4764,Prepare to be pleasured :),0
sms_4765,Hi.:)technical support.providing assistance to us customer through call and email:),0
sms_4769,I'm not sure if its still available though,0
sms_4770,watever reLation u built up in dis world only thing which remains atlast iz lonlines with lotz n lot memories! feeling..,0
sms_4771,CHEERS LOU! YEAH WAS A GOODNITE SHAME U NEVA CAME! C YA GAILxx,0
sms_4772,Hi..i got the money da:),0
sms_4773,"Hi, Mobile no.  &lt;#&gt;  has added you in their contact list on www.fullonsms.com It s a great place to send free sms to people For more visit fullonsms.com",0
sms_4776,"So many people seems to be special at first sight, But only very few will remain special to you till your last sight.. Maintain them till life ends.. Sh!jas",0
sms_4777,Quite lor. But dun tell him wait he get complacent...,0
sms_4778,Sorry completely forgot * will pop em round this week if your still here?,0
sms_4779,U R THE MOST BEAUTIFUL GIRL IVE EVER SEEN. U R MY BABY COME AND C ME IN THE COMMON ROOM,0
sms_4780,O we cant see if we can join denis and mina? Or does denis want alone time,0
sms_4781,Sen told that he is going to join his uncle finance in cbe,0
sms_4782,Yup... Hey then one day on fri we can ask miwa and jiayin take leave go karaoke,0
sms_4783,"Call me, i am senthil from hsbc.",0
sms_4785,Indeed and by the way it was either or - not both !,0
sms_4788,Ü thk of wat to eat tonight.,0
sms_4789,"Thanx. Yup we coming back on sun. Finish dinner going back 2 hotel now. Time flies, we're tog 4 exactly a mth today. Hope we'll haf many more mths to come...",0
sms_4790,We're on the opposite side from where we dropped you off,0
sms_4791,Yup. Izzit still raining heavily cos i'm in e mrt i can't c outside.,0
sms_4793,Gd luck 4 ur exams :-),0
sms_4794,Or u ask they all if next sat can a not. If all of them can make it then i'm ok lor.,0
sms_4795,Sorry that was my uncle. I.ll keep in touch,0
sms_4796,Saw Guys and Dolls last night with Patrick Swayze it was great,0
sms_4797,URGENT This is our 2nd attempt to contact U. Your £900 prize from YESTERDAY is still awaiting collection. To claim CALL NOW 09061702893,1
sms_4799,Just come home. I don't want u to be miserable,0
sms_4800,I dont know why she.s not getting your messages,0
sms_4801,"its cool but tyler had to take off so we're gonna buy for him and drop it off at his place later tonight. Our total order is a quarter, you got enough?",0
sms_4802,"The guy at the car shop who was flirting with me got my phone number from the paperwork and called and texted me. I'm nervous because of course now he may have my address. Should i call his boss and tell him, knowing this may get him fired?",0
sms_4803,Reverse is cheating. That is not mathematics.,0
sms_4805,"Er, hello, things didn‘t quite go to plan – is limping slowly home followed by aa and with exhaust hanging off",0
sms_4806,Sorry for the delay. Yes masters,0
sms_4807,Call me when u finish then i come n pick u.,0
sms_4808,PRIVATE! Your 2004 Account Statement for 078498****7 shows 786 unredeemed Bonus Points. To claim call 08719180219 Identifier Code: 45239 Expires 06.05.05,1
sms_4809,What's up my own oga. Left my phone at home and just saw ur messages. Hope you are good. Have a great weekend.,0
sms_4812,E admin building there? I might b slightly earlier... I'll call u when i'm reaching...,0
sms_4815,Ummmmmaah Many many happy returns of d day my dear sweet heart.. HAPPY BIRTHDAY dear,0
sms_4817,Anything is valuable in only 2 situations: First- Before getting it... Second- After loosing it...,0
sms_4819,How's ur paper?,0
sms_4822,Im good! I have been thinking about you...,0
sms_4824,:-) :-),0
sms_4825,Not thought bout it... || Drink in tap & spile at seven. || Is that pub on gas st off broad st by canal. || Ok?,0
sms_4826,I am going to sleep. I am tired of travel.,0
sms_4828,Yup but it's not giving me problems now so mayb i'll jus leave it...,0
sms_4830,"How long before you get reply, just defer admission til next semester",0
sms_4836,"OH RITE. WELL IM WITH MY BEST MATE PETE, WHO I WENT OUT WITH 4 A WEEK+ NOW WERE 2GEVA AGAIN. ITS BEEN LONGER THAN A WEEK.",0
sms_4837,Yay can't wait to party together!,0
sms_4839,All boys made fun of me today. Ok i have no problem. I just sent one message just for fun,0
sms_4840,That's one of the issues but california is okay. No snow so its manageable,0
sms_4841,PRIVATE! Your 2003 Account Statement for shows 800 un-redeemed S. I. M. points. Call 08715203652 Identifier Code: 42810 Expires 29/10/0,1
sms_4842,"Hmmm.... Mayb can try e shoppin area one, but forgot e name of hotel...",0
sms_4849,S.this will increase the chance of winning.,0
sms_4854,I'm fine. Hope you are also,0
sms_4855,"Also north carolina and texas atm, you would just go to the gre site and pay for the test results to be sent.",0
sms_4857,yes baby! I need to stretch open your pussy!,0
sms_4858,Thanks  and ! Or bomb and date as my phone wanted to say!,0
sms_4859,Ok...,0
sms_4862,Nokia phone is lovly..,0
sms_4864,Bored housewives! Chat n date now! 0871750.77.11! BT-national rate 10p/min only from landlines!,1
sms_4865,Sorry da..today i wont come to play..i have driving clas..,0
sms_4866,I'm really sorry I lit your hair on fire,0
sms_4869,"Watching cartoon, listening music &amp; at eve had to go temple &amp; church.. What about u?",0
sms_4870,1. Tension face 2. Smiling face 3. Waste face 4. Innocent face 5.Terror face 6.Cruel face 7.Romantic face 8.Lovable face 9.decent face  &lt;#&gt; .joker face.,0
sms_4871,Dip's cell dead. So i m coming with him. U better respond else we shall come back.,0
sms_4873,Hi dis is yijue i would be happy to work wif ü all for gek1510...,0
sms_4874,Lol! Oops sorry! Have fun.,0
sms_4876,"I know dat feelin had it with Pete! Wuld get with em , nuther place nuther time mayb?",0
sms_4877,lyricalladie(21/F) is inviting you to be her friend. Reply YES-910 or NO-910. See her: www.SMS.ac/u/hmmross STOP? Send STOP FRND to 62468,1
sms_4878,The world's most happiest frnds never have the same characters... Dey just have the best understanding of their differences...,0
sms_4880,Yeah just open chat and click friend lists. Then make the list. Easy as pie,0
sms_4881,alright tyler's got a minor crisis and has to be home sooner than he thought so be here asap,0
sms_4882,When/where do I pick you up,0
sms_4884,"New Theory: Argument wins d SITUATION, but loses the PERSON. So dont argue with ur friends just.. . . . kick them &amp; say, I'm always correct.!",0
sms_4886,Poor girl can't go one day lmao,0
sms_4887,Or just do that 6times,0
sms_4888,Todays Vodafone numbers ending with 4882 are selected to a receive a £350 award. If your number matches call 09064019014 to receive your £350 award.,1
sms_4891,Sounds like there could be a lot of time spent in that chastity device boy ... *grins* ... Or take your beatings like a good dog. Going to lounge in a nice long bath now ?,0
sms_4893,Miserable. They don't tell u that the side effects of birth control are massive gut wrenching cramps for the first 2 months. I didn't sleep at all last night.,0
sms_4894,Send me the new number,0
sms_4896,Want the latest Video handset? 750 anytime any network mins? Half price line rental? Reply or call 08000930705 for delivery tomorrow,1
sms_4898,I cant pick the phone right now. Pls send a message,0
sms_4902,Taka lor. Wat time u wan 2 come n look 4 us?,0
sms_4903,* FREE* POLYPHONIC RINGTONE Text SUPER to 87131 to get your FREE POLY TONE of the week now! 16 SN PoBox202 NR31 7ZS subscription 450pw,1
sms_4904,I;m reaching in another 2 stops.,0
sms_4906,Warner Village 83118 C Colin Farrell in SWAT this wkend @Warner Village & get 1 free med. Popcorn!Just show msg+ticket@kiosk.Valid 4-7/12. C t&c @kiosk. Reply SONY 4 mre film offers,1
sms_4907,Will you come online today night,0
sms_4908,Then anything special?,0
sms_4910,Will do. Have a good day,0
sms_4914,"Goal! Arsenal 4 (Henry, 7 v Liverpool 2 Henry scores with a simple shot from 6 yards from a pass by Bergkamp to give Arsenal a 2 goal margin after 78 mins.",1
sms_4915,You've already got a flaky parent. It'snot supposed to be the child's job to support the parent...not until they're The Ride age anyway. I'm supposed to be there to support you. And now i've hurt you. unintentional. But hurt nonetheless.,0
sms_4916,We took hooch for a walk toaday and i fell over! Splat! Grazed my knees and everything! Should have stayed at home! See you tomorrow!,0
sms_4917,"Just dropped em off, omw back now",0
sms_4918,"This is the 2nd time we have tried 2 contact u. U have won the 750 Pound prize. 2 claim is easy, call 08712101358 NOW! Only 10p per min. BT-national-rate",1
sms_4919,Sitting in mu waiting for everyone to get out of my suite so I can take a shower,0
sms_4920,Re your call; You didn't see my facebook huh?,0
sms_4921,"G says you never answer your texts, confirm/deny",0
sms_4922,"Its so common hearin How r u? Wat r u doing? How was ur day? So let me ask u something different. Did u smile today? If not, do it now.... Gud evng.",0
sms_4923,Hi Dear Call me its urgnt. I don't know whats your problem. You don't want to work or if you have any other problem at least tell me. Wating for your reply.,0
sms_4926,Ok... Let u noe when i leave my house.,0
sms_4928,Wanna do some art?! :D,0
sms_4929,Just hopeing that wasn‘t too pissed up to remember and has gone off to his sisters or something!,0
sms_4931,"Hi, the SEXYCHAT girls are waiting for you to text them. Text now for a great night chatting. send STOP to stop this service",1
sms_4932,"Good morning, my boytoy! How's those yummy lips ? Where's my sexy buns now ? What do you do ? Do you think of me ? Do you crave me ? Do you need me ?",0
sms_4935,Hey do you want anything to buy:),0
sms_4936,"Hey babe, how's it going ? Did you ever figure out where your going for New Years ?",0
sms_4937,K..k.:)congratulation ..,0
sms_4939,No it was cancelled yeah baby! Well that sounds important so i understand my darlin give me a ring later on this fone love Kate x,0
sms_4940,Tomarrow i want to got to court. At  &lt;DECIMAL&gt; . So you come to bus stand at 9.,0
sms_4941,Ü go home liao? Ask dad to pick me up at 6...,0
sms_4942,Omg you can make a wedding chapel in frontierville? Why do they get all the good stuff?,0
sms_4943,"I'm eatin now lor, but goin back to work soon... E mountain deer show huh... I watch b4 liao, very nice...",0
sms_4945,Wrong phone! This phone! I answer this one but assume the other is people i don't well,0
sms_4948,Great News! Call FREEFONE 08006344447 to claim your guaranteed £1000 CASH or £2000 gift. Speak to a live operator NOW!,1
sms_4949,"Hi this is Amy, we will be sending you a free phone number in a couple of days, which will give you an access to all the adult parties...",1
sms_4951,Hi its me you are probably having too much fun to get this message but i thought id txt u cos im bored! and james has been farting at me all night,0
sms_4953,"Welcome to Select, an O2 service with added benefits. You can now call our specially trained advisors FREE from your mobile by dialling 402.",1
sms_4955,U coming back 4 dinner rite? Dad ask me so i re confirm wif u...,0
sms_4957,"Ahhhh...just woken up!had a bad dream about u tho,so i dont like u right now :) i didnt know anything about comedy night but i guess im up for it.",0
sms_4958,I'm vivek:)i got call from your number.,0
sms_4959,Why didn't u call on your lunch?,0
sms_4960,"What i mean was i left too early to check, cos i'm working a 9-6.",0
sms_4962,"A bit of Ur smile is my hppnss, a drop of Ur tear is my sorrow, a part of Ur heart is my life, a heart like mine wil care for U, forevr as my GOODFRIEND",0
sms_4964,I want to see your pretty pussy...,0
sms_4965,Dear Voucher holder Have your next meal on us. Use the following link on your pc 2 enjoy a 2 4 1 dining experiencehttp://www.vouch4me.com/etlp/dining.asp,1
sms_4966,"A few people are at the game, I'm at the mall with iouri and kaila",0
sms_4969,Future is not what we planned for tomorrow.....! it is the result of what we do today...! Do the best in present... enjoy the future.,0
sms_4971,We are supposed to meet to discuss abt our trip... Thought xuhui told you? In the afternoon. Thought we can go for lesson after that,0
sms_4974,Oops I was in the shower when u called. Hey a parking garage collapsed at university hospital. See I'm not crazy. Stuff like that DOES happen.,0
sms_4978,"A boy was late 2 home. His father: ""POWER OF FRNDSHIP""",0
sms_4980,Spending new years with my brother and his family. Lets plan to meet next week. Are you ready to be spoiled? :),0
sms_4981,So what u doing today?,0
sms_4983,Slept? I thinkThis time ( &lt;#&gt;  pm) is not dangerous,0
sms_4986,Dont let studying stress you out. L8r.,0
sms_4989,Which channel:-):-):):-).,0
sms_4991,Phony £350 award - Todays Voda numbers ending XXXX are selected to receive a £350 award. If you have a match please call 08712300220 quoting claim code 3100 standard rates app,1
sms_4992,"We made it! Eta at taunton is 12:30 as planned, hope that‘s still okday?! Good to see you! :-xx",0
sms_4995,My drive can only be read. I need to write,0
sms_4997,Happy new year. Hope you are having a good semester,0
sms_4999,Can you talk with me..,0
sms_5000,"Hmph. Go head, big baller.",0
sms_5001,Well its not like you actually called someone a punto. That woulda been worse.,0
sms_5002,"Nope. Since ayo travelled, he has forgotten his guy",0
sms_5004,CDs 4u: Congratulations ur awarded £500 of CD gift vouchers or £125 gift guaranteed & Freeentry 2 £100 wkly draw xt MUSIC to 87066 TnCs www.ldew.com1win150ppmx3age16,1
sms_5007,ILL B DOWN SOON,0
sms_5008,Oh k. . I will come tomorrow,0
sms_5009,Go fool dont cheat others ok,0
sms_5010,"My mobile number.pls sms ur mail id.convey regards to achan,amma.Rakhesh.Qatar",0
sms_5013,U attend ur driving lesson how many times a wk n which day?,0
sms_5014,"Uncle G, just checking up on you. Do have a rewarding month",0
sms_5015,Hello boytoy ! Geeee ... I'm missing you today. I like to send you a tm and remind you I'm thinking of you ... And you are loved ... *loving kiss*,0
sms_5017,Hey gals...U all wanna meet 4 dinner at nìte?,0
sms_5018,Dear 0776xxxxxxx U've been invited to XCHAT. This is our final attempt to contact u! Txt CHAT to 86688 150p/MsgrcvdHG/Suite342/2Lands/Row/W1J6HL LDN 18yrs,1
sms_5019,Babe ! What are you doing ? Where are you ? Who are you talking to ? Do you think of me ? Are you being a good boy? Are you missing me? Do you love me ?,0
sms_5026,I was gonna ask you lol but i think its at 7,0
sms_5027,Ur cash-balance is currently 500 pounds - to maximize ur cash-in now send GO to 86688 only 150p/meg. CC: 08718720201 HG/Suite342/2lands Row/W1j6HL,1
sms_5029,Go chase after her and run her over while she's crossing the street,0
sms_5030,I'd like to tell you my deepest darkest fantasies. Call me 09094646631 just 60p/min. To stop texts call 08712460324 (nat rate),1
sms_5032,Hey... Very inconvenient for your sis a not huh?,0
sms_5033,Ok i vl..do u know i got adsense approved..,0
sms_5034,"* Was really good to see you the other day dudette, been missing you!",0
sms_5036,How many times i told in the stage all use to laugh. You not listen aha.,0
sms_5038,(You didn't hear it from me),0
sms_5039,Thanks for being there for me just to talk to on saturday. You are very dear to me. I cherish having you as a brother and role model.,0
sms_5040,Pls clarify back if an open return ticket that i have can be preponed for me to go back to kerala.,0
sms_5041,Natalie (20/F) is inviting you to be her friend. Reply YES-165 or NO-165 See her: www.SMS.ac/u/natalie2k9 STOP? Send STOP FRND to 62468,1
sms_5043,Jamster! To get your free wallpaper text HEART to 88888 now! T&C apply. 16 only. Need Help? Call 08701213186.,1
sms_5044,O ic lol. Should play 9 doors sometime yo,0
sms_5045,"Dunno, my dad said he coming home 2 bring us out 4 lunch. Yup i go w u lor. I call u when i reach school lor...",0
sms_5046,"We have sent JD for Customer Service cum Accounts Executive to ur mail id, For details contact us",0
sms_5049,Yeah so basically any time next week you can get away from your mom &amp; get up before 3,0
sms_5050,"Edison has rightly said, ""A fool can ask more questions than a wise man can answer"" Now you know why all of us are speechless during ViVa.. GM,GN,GE,GNT:-)",0
sms_5052,With my sis lor... We juz watched italian job.,0
sms_5055,Double Mins & Double Txt & 1/2 price Linerental on Latest Orange Bluetooth mobiles. Call MobileUpd8 for the very latest offers. 08000839402 or call2optout/LF56,1
sms_5057,Goodnight da thangam I really miss u dear.,0
sms_5059,"Geeeee ... Your internet is really bad today, eh ?",0
sms_5061,I think i am disturbing her da,0
sms_5062,"Sorry, I'll call you  later. I am in meeting sir.",0
sms_5065,I dunno lei... Like dun haf...,0
sms_5066,But your brother transfered only  &lt;#&gt;  +  &lt;#&gt; . Pa.,0
sms_5067,I calls you later. Afternoon onwords mtnl service get problem in south mumbai. I can hear you but you cann't listen me.,0
sms_5069,Talk to g and x about that,0
sms_5071,5p 4 alfie Moon's Children in need song on ur mob. Tell ur m8s. Txt Tone charity to 8007 for Nokias or Poly charity for polys: zed 08701417012 profit 2 charity.,1
sms_5072,As in different styles?,0
sms_5073,WIN a £200 Shopping spree every WEEK Starting NOW. 2 play text STORE to 88039. SkilGme. TsCs08714740323 1Winawk! age16 £1.50perweeksub.,1
sms_5075,I want to sent  &lt;#&gt; mesages today. Thats y. Sorry if i hurts,0
sms_5077,"Well, i'm glad you didn't find it totally disagreeable ... Lol",0
sms_5079,Do you want a New Nokia 3510i colour phone DeliveredTomorrow? With 300 free minutes to any mobile + 100 free texts + Free Camcorder reply or call 08000930705.,1
sms_5080,Mark works tomorrow. He gets out at 5. His work is by your house so he can meet u afterwards.,0
sms_5086,Omg if its not one thing its another. My cat has worms :/ when does this bad day end?,0
sms_5087,"Good morning, im suffering from fever and dysentry ..will not be able to come to office today.",0
sms_5088,I wont do anything de.,0
sms_5089,What type of stuff do you sing?,0
sms_5090,"St andre, virgil's cream",0
sms_5092,"My fri ah... Okie lor,goin 4 my drivin den go shoppin after tt...",0
sms_5093,Gokila is talking with you aha:),0
sms_5094,"Hi Shanil,Rakhesh here.thanks,i have exchanged the uncut diamond stuff.leaving back. Excellent service by Dino and Prem.",0
sms_5095,K.k.this month kotees birthday know?,0
sms_5096,But i'm really really broke oh. No amount is too small even  &lt;#&gt;,0
sms_5097,Sorry about that this is my mates phone and i didnt write it love Kate,0
sms_5098,"TheMob>Hit the link to get a premium Pink Panther game, the new no. 1 from Sugababes, a crazy Zebra animation or a badass Hoody wallpaper-all 4 FREE!",1
sms_5099,"Ah, well that confuses things, doesnt it? I thought was friends with now. Maybe i did the wrong thing but i already sort of invited -tho he may not come cos of money.",0
sms_5103,In other news after hassling me to get him weed for a week andres has no money. HAUGHAIGHGTUJHYGUJ,0
sms_5104,"A Boy loved a gal. He propsd bt she didnt mind. He gv lv lttrs, Bt her frnds threw thm. Again d boy decided 2 aproach d gal , dt time a truck was speeding towards d gal. Wn it was about 2 hit d girl,d boy ran like hell n saved her. She asked 'hw cn u run so fast?' D boy replied ""Boost is d secret of my energy"" n instantly d girl shouted ""our energy"" n Thy lived happily 2gthr drinking boost evrydy Moral of d story:- I hv free msgs:D;): gud ni8",0
sms_5107,I REALLY NEED 2 KISS U I MISS U MY BABY FROM UR BABY 4EVA,0
sms_5108,"The sign of maturity is not when we start saying big things.. But actually it is, when we start understanding small things... *HAVE A NICE EVENING* BSLVYL",0
sms_5109,Oh you got many responsibilities.,0
sms_5110,You have 1 new message. Please call 08715205273,1
sms_5111,I've reached sch already...,0
sms_5112,December only! Had your mobile 11mths+? You are entitled to update to the latest colour camera mobile for Free! Call The Mobile Update VCo FREE on 08002986906,1
sms_5113,U definitely need a module from e humanities dis sem izzit? U wan 2 take other modules 1st?,0
sms_5114,Argh why the fuck is nobody in town ;_;,0
sms_5117,Aslamalaikkum....insha allah tohar beeen muht albi mufti mahfuuz...meaning same here....,0
sms_5118,Are you driving or training?,0
sms_5122,NOT ENUFCREDEIT TOCALL.SHALL ILEAVE UNI AT 6 +GET A BUS TO YOR HOUSE?,0
sms_5125,"After my work ah... Den 6 plus lor... U workin oso rite... Den go orchard lor, no other place to go liao...",0
sms_5126,"To the wonderful Okors, have a great month. We cherish you guys and wish you well each day. MojiBiola",0
sms_5128,Wot about on wed nite I am 3 then but only til 9!,0
sms_5129,"Rose for red,red for blood,blood for heart,heart for u. But u for me.... Send tis to all ur friends.. Including me.. If u like me.. If u get back, 1-u r poor in relation! 2-u need some 1 to support 3-u r frnd 2 many 4-some1 luvs u 5+- some1 is praying god to marry u.:-) try it....",0
sms_5130,Any way where are you and what doing.,0
sms_5133,"Hmm... Dunno leh, mayb a bag 4 goigng out dat is not too small. Or jus anything except perfume, smth dat i can keep.",0
sms_5134,Sday only joined.so training we started today:),0
sms_5135,Sorry * was at the grocers.,0
sms_5136,There are some nice pubs near here or there is Frankie n Bennys near the warner cinema?,0
sms_5137,"YOU VE WON! Your 4* Costa Del Sol Holiday or £5000 await collection. Call 09050090044 Now toClaim. SAE, TC s, POBox334, Stockport, SK38xh, Cost£1.50/pm, Max10mins",1
sms_5139,Oh shut it. Omg yesterday I had a dream that I had 2 kids both boys. I was so pissed. Not only about the kids but them being boys. I even told mark in my dream that he was changing diapers cause I'm not getting owed in the face.,0
sms_5140,Yeah I imagine he would be really gentle. Unlike the other docs who treat their patients like turkeys.,0
sms_5141,FREE for 1st week! No1 Nokia tone 4 ur mobile every week just txt NOKIA to 8077 Get txting and tell ur mates. www.getzed.co.uk POBox 36504 W45WQ 16+ norm150p/tone,1
sms_5142,Now that you have started dont stop. Just pray for more good ideas and anything i see that can help you guys i.ll forward you a link.,0
sms_5143,Hi darlin im on helens fone im gonna b up the princes 2 nite please come up tb love Kate,0
sms_5146,Oh unintentionally not bad timing. Great. Fingers  the trains play along! Will give fifteen min warning.,0
sms_5147,Get your garden ready for summer with a FREE selection of summer bulbs and seeds worth £33:50 only with The Scotsman this Saturday. To stop go2 notxt.co.uk,1
sms_5148,K..then come wenever u lik to come and also tel vikky to come by getting free time..:-),0
sms_5149,Pls call me da. What happen.,0
sms_5150,"Happy new year to u and ur family...may this new year bring happiness , stability and tranquility to ur vibrant colourful life:):)",0
sms_5151,No problem with the renewal. I.ll do it right away but i dont know his details.,0
sms_5153,Haven't left yet so probably gonna be here til dinner,0
sms_5154,"Like  &lt;#&gt; , same question",0
sms_5155,MY NEW YEARS EVE WAS OK. I WENT TO A PARTY WITH MY BOYFRIEND. WHO IS THIS SI THEN HEY,0
sms_5156,"Sir, I need Velusamy sir's date of birth and company bank facilities details.",0
sms_5158,I will come with karnan car. Please wait till 6pm will directly goto doctor.,0
sms_5159,No but the bluray player can,0
sms_5160,Ok... Then r we meeting later?,0
sms_5161,Lol no. I just need to cash in my nitros. Hurry come on before I crash out!,0
sms_5163,Ok leave no need to ask,0
sms_5165,Ü still got lessons?  Ü in sch?,0
sms_5166,Y she dun believe leh? I tot i told her it's true already. I thk she muz c us tog then she believe.,0
sms_5168,"I‘ve got some salt, you can rub it in my open wounds if you like!",0
sms_5169,Now i'm going for lunch.,0
sms_5171,Oh k. . I will come tomorrow,0
sms_5172,"Aight, text me tonight and we'll see what's up",0
sms_5174,Water logging in desert. Geoenvironmental implications.,0
sms_5177,"Very strange.  and  are watching the 2nd one now but i'm in bed. Sweet dreams, miss u",0
sms_5180,"Babe! I fucking love you too !! You know? Fuck it was so good to hear your voice. I so need that. I crave it. I can't get enough. I adore you, Ahmad *kisses*",0
sms_5182,I sent them. Do you like?,0
sms_5184,I'm in town now so i'll jus take mrt down later.,0
sms_5185,I just cooked a rather nice salmon a la you,0
sms_5187,WHAT TIME U WRKIN?,0
sms_5190,Our records indicate u maybe entitled to 5000 pounds in compensation for the Accident you had. To claim 4 free reply with CLAIM to this msg. 2 stop txt STOP,1
sms_5191,"Sorry, I'll call later",0
sms_5192,Oh oh... Den muz change plan liao... Go back have to yan jiu again...,0
sms_5193,"It's wylie, you in tampa or sarasota?",0
sms_5194,Ok... Take ur time n enjoy ur dinner...,0
sms_5195,Darren was saying dat if u meeting da ge den we dun meet 4 dinner. Cos later u leave xy will feel awkward. Den u meet him 4 lunch lor.,0
sms_5196,"Spook up your mob with a Halloween collection of a logo & pic message plus a free eerie tone, txt CARD SPOOK to 8007 zed 08701417012150p per logo/pic",1
sms_5199,Ugh my leg hurts. Musta overdid it on mon.,0
sms_5200,Call Germany for only 1 pence per minute! Call from a fixed line via access number 0844 861 85 85. No prepayment. Direct access! www.telediscount.co.uk,1
sms_5201,"YOU VE WON! Your 4* Costa Del Sol Holiday or £5000 await collection. Call 09050090044 Now toClaim. SAE, TC s, POBox334, Stockport, SK38xh, Cost£1.50/pm, Max10mins",1
sms_5202,WOT STUDENT DISCOUNT CAN U GET ON BOOKS?,0
sms_5205,Had your mobile 11mths ? Update for FREE to Oranges latest colour camera mobiles & unlimited weekend calls. Call Mobile Upd8 on freefone 08000839402 or 2StopTxt,1
sms_5206,I will reach ur home in  &lt;#&gt;  minutes,0
sms_5208,Hi.what you think about match?,0
sms_5210,Dai i downloaded but there is only exe file which i can only run that exe after installing.,0
sms_5211,It is only yesterday true true.,0
sms_5214,Natalja (25/F) is inviting you to be her friend. Reply YES-440 or NO-440 See her: www.SMS.ac/u/nat27081980 STOP? Send STOP FRND to 62468,1
sms_5215,I keep ten rs in my shelf:) buy two egg.,0
sms_5217,Well thats nice. Too bad i cant eat it,0
sms_5218,I accidentally brought em home in the box,0
sms_5220,I have to take exam with in march 3,0
sms_5221,"Jane babes not goin 2 wrk, feel ill after lst nite. Foned in already cover 4 me chuck.:-)",0
sms_5223,If I die I want u to have all my stuffs.,0
sms_5225,Smile in Pleasure Smile in Pain Smile when trouble pours like Rain Smile when sum1 Hurts U Smile becoz SOMEONE still Loves to see u Smiling!!,0
sms_5228,PRIVATE! Your 2003 Account Statement for <fone no> shows 800 un-redeemed S. I. M. points. Call 08715203656 Identifier Code: 42049 Expires 26/10/04,1
sms_5229,It means u could not keep ur words.,0
sms_5230,"Nope, I'm still in the market",0
sms_5232,YOU ARE CHOSEN TO RECEIVE A £350 AWARD! Pls call claim number 09066364311 to collect your award which you are selected to receive as a valued mobile customer.,1
sms_5234,Ok cool. See ya then.,0
sms_5238,Yeah I can still give you a ride,0
sms_5241,Its a part of checking IQ,0
sms_5242,Hmm thinking lor...,0
sms_5246,Haven't eaten all day. I'm sitting here staring at this juicy pizza and I can't eat it. These meds are ruining my life.,0
sms_5249,"K I'm leaving soon, be there a little after 9",0
sms_5250,Urgent! Please call 09061213237 from a landline. £5000 cash or a 4* holiday await collection. T &Cs SAE PO Box 177 M227XY. 16+,1
sms_5251,"Yeah work is fine, started last week, all the same stuff as before, dull but easy and guys are fun!",0
sms_5252,You do your studies alone without anyones help. If you cant no need to study.,0
sms_5253,Please tell me not all of my car keys are in your purse,0
sms_5254,I didnt get anything da,0
sms_5255,Ok... Sweet dreams...,0
sms_5257,"As usual..iam fine, happy &amp; doing well..:)",0
sms_5258,1 in cbe. 2 in chennai.,0
sms_5259,Can help u swoop by picking u up from wherever ur other birds r meeting if u want.,0
sms_5260,If anyone calls for a treadmill say you'll buy it. Make sure its working. I found an ad on Craigslist selling for $ &lt;#&gt; .,0
sms_5261,I absolutely LOVE South Park! I only recently started watching the office.,0
sms_5262,Did you see that film:),0
sms_5265,Gud ni8.swt drms.take care,0
sms_5266,HI DARLIN ITS KATE ARE U UP FOR DOIN SOMETHIN TONIGHT? IM GOING TO A PUB CALLED THE SWAN OR SOMETHING WITH MY PARENTS FOR ONE DRINK SO PHONE ME IF U CAN,0
sms_5268,"ER, ENJOYIN INDIANS AT THE MO..yeP. SaLL gOoD HehE ;> hows bout u shexy? Pete Xx",0
sms_5270,Did u fix the teeth?if not do it asap.ok take care.,0
sms_5271,So u wan 2 come for our dinner tonight a not?,0
sms_5272,"Hello.How u doing?What u been up 2?When will u b moving out of the flat, cos I will need to arrange to pick up the lamp, etc. Take care. Hello caroline!",0
sms_5273,Its too late:)but its k.wish you the same.,0
sms_5274,"Hi. Hope ur day * good! Back from walk, table booked for half eight. Let me know when ur coming over.",0
sms_5276,Dunno leh cant remember mayb lor. So wat time r we meeting tmr?,0
sms_5277,"Best msg: It's hard to be with a person, when u know that one more step foward will make u fall in love.. &amp; One step back can ruin ur friendship.. good night:-) ...",0
sms_5278,URGENT! Your Mobile number has been awarded with a £2000 prize GUARANTEED. Call 09061790126 from land line. Claim 3030. Valid 12hrs only 150ppm,1
sms_5279,"Helloooo... Wake up..! ""Sweet"" ""morning"" ""welcomes"" ""You"" ""Enjoy"" ""This Day"" ""with full of joy"".. ""GUD MRNG"".",0
sms_5280,"Vikky, come around  &lt;TIME&gt; ..",0
sms_5282,I have gone into get info bt dont know what to do,0
sms_5283,"Yeah, probably here for a while",0
sms_5284,Sent me ur email id soon,0
sms_5288,An excellent thought by a misundrstud frnd: I knw u hate me bt the day wen u'll knw the truth u'll hate urself:-( Gn:-),0
sms_5289,Hey! Congrats 2u2. id luv 2 but ive had 2 go home!,0
sms_5294,XMAS iscoming & ur awarded either £500 CD gift vouchers & free entry 2 r £100 weekly draw txt MUSIC to 87066 TnC www.Ldew.com1win150ppmx3age16subscription,1
sms_5296,Are u coming to the funeral home,0
sms_5298,I.ll hand her my phone to chat wit u,0
sms_5300,I can't make it tonight,0
sms_5301,At WHAT TIME should i come tomorrow,0
sms_5306,Ill be at yours in about 3 mins but look out for me,0
sms_5309,"Jolly good! By the way,  will give u tickets for sat eve 7.30. Speak before then x",0
sms_5311,K.k:)i'm going to tirunelvali this week to see my uncle ..i already spend the amount by taking dress .so only i want money.i will give it on feb 1,0
sms_5312,Here got ur favorite oyster... N got my favorite sashimi... Ok lar i dun say already... Wait ur stomach start rumbling...,0
sms_5313,My sister going to earn more than me da.,0
sms_5314,Get the official ENGLAND poly ringtone or colour flag on yer mobile for tonights game! Text TONE or FLAG to 84199. Optout txt ENG STOP Box39822 W111WX £1.50,1
sms_5315,Hahaha..use your brain dear,0
sms_5318,"Good morning, my Love ... I go to sleep now and wish you a great day full of feeling better and opportunity ... You are my last thought babe, I LOVE YOU *kiss*",0
sms_5319,Kothi print out marandratha.,0
sms_5320,But we havent got da topic yet rite?,0
sms_5321,Ok no problem... Yup i'm going to sch at 4 if i rem correctly...,0
sms_5322,"Thanks, I'll keep that in mind",0
sms_5324,"Dear Sir,Salam Alaikkum.Pride and Pleasure meeting you today at the Tea Shop.We are pleased to send you our contact number at Qatar.Rakhesh an Indian.Pls save our Number.Respectful Regards.",0
sms_5328,Sweet heart how are you?,0
sms_5329,"Sir, waiting for your letter.",0
sms_5330,Dude im no longer a pisces. Im an aquarius now.,0
sms_5332,I think steyn surely get one wicket:),0
sms_5333,"Neither [in sterm voice] - i'm studying. All fine with me! Not sure the  thing will be resolved, tho. Anyway. Have a fab hols",0
sms_5335,No. It's not pride. I'm almost  &lt;#&gt;  years old and shouldn't be takin money from my kid. You're not supposed to have to deal with this stuff. This is grownup stuff--why i don't tell you.,0
sms_5336,Sounds better than my evening im just doing my costume. Im not sure what time i finish tomorrow but i will txt you at the end.,0
sms_5337,My birthday is on feb  &lt;#&gt;  da. .,0
sms_5338,So when do you wanna gym?,0
sms_5339,You'd like that wouldn't you? Jerk!,0
sms_5340,Are u awake? Is there snow there?,0
sms_5341,And of course you should make a stink!,0
sms_5343,No go. No openings for that room 'til after thanksgiving without an upcharge.,0
sms_5344,When you guys planning on coming over?,0
sms_5346,"My Parents, My Kidz, My Friends n My Colleagues. All screaming.. SURPRISE !! and I was waiting on the sofa.. ... ..... ' NAKED...!",0
sms_5347,No sir. That's why i had an 8-hr trip on the bus last week. Have another audition next wednesday but i think i might drive this time.,0
sms_5348,Do I? I thought I put it back in the box,0
sms_5349,I'm home...,0
sms_5350,No one interested. May be some business plan.,0
sms_5351,Yup it's at paragon... I havent decided whether 2 cut yet... Hee...,0
sms_5352,Good morning princess! Have a great day!,0
sms_5353,Guai... Ü shd haf seen him when he's naughty... Ü so free today? Can go jogging...,0
sms_5354,Aiyo cos i sms ü then ü neva reply so i wait 4 ü to reply lar. I tot ü havent finish ur lab wat.,0
sms_5356,Tell me something. Thats okay.,0
sms_5363,"I think your mentor is , but not 100 percent sure.",0
sms_5364,Call 09095350301 and send our girls into erotic ecstacy. Just 60p/min. To stop texts call 08712460324 (nat rate),1
sms_5365,Camera - You are awarded a SiPix Digital Camera! call 09061221066 fromm landline. Delivery within 28 days.,1
sms_5366,A £400 XMAS REWARD IS WAITING FOR YOU! Our computer has randomly picked you from our loyal mobile customers to receive a £400 reward. Just call 09066380611,1
sms_5368,IMPORTANT MESSAGE. This is a final contact attempt. You have important messages waiting out our customer claims dept. Expires 13/4/04. Call 08717507382 NOW!,1
sms_5369,Hi mom we might be back later than  &lt;#&gt;,0
sms_5370,dating:i have had two of these. Only started after i sent a text to talk sport radio last week. Any connection do you think or coincidence?,1
sms_5371,"Lol, oh you got a friend for the dog ?",0
sms_5373,"K I'll head out in a few mins, see you there",0
sms_5375,I cant pick the phone right now. Pls send a message,0
sms_5377,The current leading bid is 151. To pause this auction send OUT. Customer Care: 08718726270,1
sms_5378,"Free entry to the gr8prizes wkly comp 4 a chance to win the latest Nokia 8800, PSP or £250 cash every wk.TXT GREAT to 80878 http//www.gr8prizes.com 08715705022",1
sms_5381,You have 1 new message. Call 0207-083-6089,1
sms_5383,Good day to You too.Pray for me.Remove the teeth as its painful maintaining other stuff.,0
sms_5384,How are you babes. Hope your doing ok. I had a shit nights sleep. I fell asleep at 5.Im knackered and im dreading work tonight. What are thou upto tonight. X,0
sms_5386,I'm at work. Please call,0
sms_5387,I will be gentle baby! Soon you will be taking all  &lt;#&gt;  inches deep inside your tight pussy...,0
sms_5388,NOT MUCH NO FIGHTS. IT WAS A GOOD NITE!!,0
sms_5390,Nt joking seriously i told,0
sms_5391,Watching ajith film ah?,0
sms_5395,Dunno lei shd b driving lor cos i go sch 1 hr oni.,0
sms_5397,That's necessarily respectful,0
sms_5398,Hi. Hope you had a good day. Have a better night.,0
sms_5399,And he's apparently bffs with carly quick now,0
sms_5401,Babes I think I got ur brolly I left it in English wil bring it in 2mrw 4 u luv Franxx,0
sms_5404,Pls give her prometazine syrup. 5mls then  &lt;#&gt; mins later feed.,0
sms_5405,So how many days since then?,0
sms_5406,Dear are you angry i was busy dear,0
sms_5408,... Are you in the pub?,0
sms_5409,There is a first time for everything :),0
sms_5410,"Daddy, shu shu is looking 4 u... U wan me 2 tell him u're not in singapore or wat?",0
sms_5411,I ask if u meeting da ge tmr nite...,0
sms_5412,Gr8. So how do you handle the victoria island traffic. Plus when's the album due,0
sms_5413,Nite nite pocay wocay luv u more than n e thing 4eva I promise ring u 2morrowxxxx,0
sms_5414,East coast,0
sms_5420,I dont know oh. Hopefully this month.,0
sms_5421,"Hi elaine, is today's meeting confirmed?",0
sms_5422,Ok k..sry i knw 2 siva..tats y i askd..,0
sms_5423,"Sorry, I'll call later",0
sms_5424,U horrible gal... U knew dat i was going out wif him yest n u still come n ask me...,0
sms_5426,Oh yeah! And my diet just flew out the window,0
sms_5428,You didnt complete your gist oh.,0
sms_5429,"Er yeah, i will b there at 15:26, sorry! Just tell me which pub/cafe to sit in and come wen u can",0
sms_5430,"If you can make it any time tonight or whenever you can it's cool, just text me whenever you're around",0
sms_5431,If I was I wasn't paying attention,0
sms_5432,Thanx a lot 4 ur help!,0
sms_5434,Jesus armand really is trying to tell everybody he can find,0
sms_5435,I'm wif him now buying tix lar...,0
sms_5436,Mode men or have you left.,0
sms_5437,Am slow in using biola's fne,0
sms_5438,What are youdoing later? Sar xxx,0
sms_5441,"By the way, make sure u get train to worc foregate street not shrub hill. Have fun night x",0
sms_5444,Good morning. At the repair shop--the ONLY reason i'm up at this hour.,0
sms_5446,I am back. Good journey! Let me know if you need any of the receipts. Shall i tell you like the pendent?,0
sms_5451,Just sing HU. I think its also important to find someone female that know the place well preferably a citizen that is also smart to help you navigate through. Even things like choosing a phone plan require guidance. When in doubt ask especially girls.,0
sms_5453,Except theres a chick with huge boobs.,0
sms_5455,Wishing you a beautiful day. Each moment revealing even more things to keep you smiling. Do enjoy it.,0
sms_5456,For the most sparkling shopping breaks from 45 per person; call 0121 2025050 or visit www.shortbreaks.org.uk,1
sms_5458,"Sorry, I'll call later",0
sms_5460,December only! Had your mobile 11mths+? You are entitled to update to the latest colour camera mobile for Free! Call The Mobile Update Co FREE on 08002986906,1
sms_5462,Txt: CALL to No: 86888 & claim your reward of 3 hours talk time to use from your phone now! Subscribe6GBP/mnth inc 3hrs 16 stop?txtStop www.gamb.tv,1
sms_5463,U GOIN OUT 2NITE?,0
sms_5464,I will treasure every moment we spend together...,0
sms_5465,Shall I bring us a bottle of wine to keep us amused? Only joking! I‘ll bring one anyway,0
sms_5466,http//tms. widelive.com/index. wml?id=820554ad0a1705572711&first=true¡C C Ringtone¡,1
sms_5467,Get your garden ready for summer with a FREE selection of summer bulbs and seeds worth £33:50 only with The Scotsman this Saturday. To stop go2 notxt.co.uk,1
sms_5470,I thought slide is enough.,0
sms_5471,Yup,0
sms_5472,Well obviously not because all the people in my cool college life went home ;_;,0
sms_5474,Where's mummy's boy ? Is he being good or bad ? Is he being positive or negative ? Why is mummy being made to wait? Hmmmm?,0
sms_5475,Dhoni have luck to win some big title.so we will win:),0
sms_5476,Yes princess! I want to please you every night. Your wish is my command...,0
sms_5477,What Today-sunday..sunday is holiday..so no work..,0
sms_5478,No probably  &lt;#&gt; %.,0
sms_5479,Really do hope the work doesnt get stressful. Have a gr8 day.,0
sms_5480,Have you seen who's back at Holby?!,0
sms_5481,Shall call now dear having food,0
sms_5483,So li hai... Me bored now da lecturer repeating last weeks stuff waste time...,0
sms_5484,", ,  and  picking them up from various points | going 2 yeovil | and they will do the motor project 4 3 hours | and then u take them home. || 12 2 5.30 max. || Very easy",0
sms_5486,Ofcourse I also upload some songs,0
sms_5487,2p per min to call Germany 08448350055 from your BT line. Just 2p per min. Check PlanetTalkInstant.com for info & T's & C's. Text stop to opt out,1
sms_5488,K. I will sent it again,0
sms_5489,Oh thanks a lot..i already bought 2 eggs ..,0
sms_5490,K. I will sent it again,0
sms_5493,I think if he rule tamilnadu..then its very tough for our people.,0
sms_5496,Yes... I trust u to buy new stuff ASAP so I can try it out,0
sms_5500,Love has one law; Make happy the person you love. In the same way friendship has one law; Never make ur friend feel alone until you are alive.... Gud night,0
sms_5502,Apo all other are mokka players only,0
sms_5503,"Perhaps * is much easy give your account identification, so i will tomorrow at UNI",0
sms_5505,What i told before i tell. Stupid hear after i wont tell anything to you. You dad called to my brother and spoken. Not with me.,0
sms_5506,God's love has no limit. God's grace has no measure. God's power has no boundaries. May u have God's endless blessings always in ur life...!! Gud ni8,0
sms_5507,I want to be inside you every night...,0
sms_5509,Lol they were mad at first but then they woke up and gave in.,0
sms_5512,"Just making dinner, you ?",0
sms_5516,"Ya, i'm referin to mei's ex wat... No ah, waitin 4 u to treat, somebody shld b rich liao...So gd, den u dun have to work frm tmr onwards...",0
sms_5519,Can you pls send me that company name. In saibaba colany,0
sms_5521,You are a big chic. Common. Declare,0
sms_5522,Thats cool. I want to please you...,0
sms_5523,Going to join tomorrow.,0
sms_5524,You are awarded a SiPix Digital Camera! call 09061221061 from landline. Delivery within 28days. T Cs Box177. M221BP. 2yr warranty. 150ppm. 16 . p p£3.99,1
sms_5526,PRIVATE! Your 2003 Account Statement for shows 800 un-redeemed S.I.M. points. Call 08718738001 Identifier Code: 49557 Expires 26/11/04,1
sms_5527,"Total disappointment, when I texted you was the craziest shit got :(",0
sms_5530,I think that tantrum's finished so yeah I'll be by at some point,0
sms_5531,Compliments to you. Was away from the system. How your side.,0
sms_5534,Ok which your another number,0
sms_5536,Aiyah ok wat as long as got improve can already wat...,0
sms_5539,Just sleeping..and surfing,0
sms_5541,Yeah it's jus rite...,0
sms_5542,Armand says get your ass over to epsilon,0
sms_5543,U still havent got urself a jacket ah?,0
sms_5545,Hi its in durban are you still on this number,0
sms_5546,Ic. There are a lotta childporn cars then.,0
sms_5547,"Had your contract mobile 11 Mnths? Latest Motorola, Nokia etc. all FREE! Double Mins & Text on Orange tariffs. TEXT YES for callback, no to remove from records.",1
sms_5548,"No, I was trying it all weekend ;V",0
sms_5549,"You know, wot people wear. T shirts, jumpers, hat, belt, is all we know. We r at Cribbs",0
sms_5550,"Cool, what time you think you can get here?",0
sms_5551,Wen did you get so spiritual and deep. That's great,0
sms_5552,Have a safe trip to Nigeria. Wish you happiness and very soon company to share moments with,0
sms_5553,Hahaha..use your brain dear,0
sms_5554,Well keep in mind I've only got enough gas for one more round trip barring a sudden influx of cash,0
sms_5555,Yeh. Indians was nice. Tho it did kane me off a bit he he. We shud go out 4 a drink sometime soon. Mite hav 2 go 2 da works 4 a laugh soon. Love Pete x x,0
sms_5556,Yes i have. So that's why u texted. Pshew...missing you so much,0
sms_5558,"Sorry, I'll call later",0
sms_5560,Anything lor. Juz both of us lor.,0
sms_5562,Ok lor... Sony ericsson salesman... I ask shuhui then she say quite gd 2 use so i considering...,0
sms_5564,Why don't you wait 'til at least wednesday to see if you get your .,0
sms_5565,Huh y lei...,0
sms_5566,"REMINDER FROM O2: To get 2.50 pounds free call credit and details of great offers pls reply 2 this text with your valid name, house no and postcode",1
sms_5567,"This is the 2nd time we have tried 2 contact u. U have won the £750 Pound prize. 2 claim is easy, call 087187272008 NOW1! Only 10p per minute. BT-national-rate.",1
sms_5568,Will ü b going to esplanade fr home?,0
sms_5570,The guy did some bitching but I acted like i'd be interested in buying something else next week and he gave it to us for free,0
sms_5571,Rofl. Its true to its name,0
